
$ git archive --format=zip --output C:\Users\swayn\Projects\DQIX-Decomp\build\verification\c4da8d4f397b-13ngr3du\source.zip c4da8d4f397b13720d255e62b66ae410cd5ba15e

$ C:\Users\swayn\Projects\DQIX-Decomp\.venv\Scripts\python.exe tools/configure.py usa

$ C:\Users\swayn\Projects\DQIX-Decomp\.venv\Scripts\ninja.exe rom check report
[1/326] C:\Users\swayn\Projects\DQIX-Decomp\.venv\Scripts\python.exe tools/download_tool.py dsd v0.10.2 --path .\dsd.exe

Downloading dsd v0.10.2...
[2/326] C:\Users\swayn\Projects\DQIX-Decomp\.venv\Scripts\python.exe tools/download_tool.py objdiff v2.7.1 --path .\objdiff-cli.exe

Downloading objdiff v2.7.1...
[3/326] .\dsd.exe objdiff --config-path config\usa\arm9\config.yaml --scratch --compiler mwcc_30_137 --c-flags "-O2 -enum int -char signed -str noreuse -proc arm946e -gccext,on -fp soft -inline noauto -lang=c++ -Cpp_exceptions off -RTTI off -interworking -w off -sym on -gccinc -nolink -msgstyle gcc -str pool,reuse -lang=c++" --custom-make ninja
[4/326] .\dsd.exe rom extract --rom extract\baserom_dqix_usa.nds --output-path extract\usa 
[INFO ] Saving ROM to directory extract\usa
[INFO ] Decompressing ARM9 program
[INFO ] Decompressing arm9 overlay 0/34
[INFO ] Decompressing arm9 overlay 1/34
[INFO ] Decompressing arm9 overlay 2/34
[INFO ] Decompressing arm9 overlay 3/34
[INFO ] Decompressing arm9 overlay 4/34
[INFO ] Decompressing arm9 overlay 5/34
[INFO ] Decompressing arm9 overlay 6/34
[INFO ] Decompressing arm9 overlay 7/34
[INFO ] Decompressing arm9 overlay 8/34
[INFO ] Decompressing arm9 overlay 9/34
[INFO ] Decompressing arm9 overlay 10/34
[INFO ] Decompressing arm9 overlay 11/34
[INFO ] Decompressing arm9 overlay 12/34
[INFO ] Decompressing arm9 overlay 13/34
[INFO ] Decompressing arm9 overlay 14/34
[INFO ] Decompressing arm9 overlay 15/34
[INFO ] Decompressing arm9 overlay 16/34
[INFO ] Decompressing arm9 overlay 17/34
[INFO ] Decompressing arm9 overlay 18/34
[INFO ] Decompressing arm9 overlay 19/34
[INFO ] Decompressing arm9 overlay 20/34
[INFO ] Decompressing arm9 overlay 21/34
[INFO ] Decompressing arm9 overlay 22/34
[INFO ] Decompressing arm9 overlay 23/34
[INFO ] Decompressing arm9 overlay 24/34
[INFO ] Decompressing arm9 overlay 25/34
[INFO ] Decompressing arm9 overlay 26/34
[INFO ] Decompressing arm9 overlay 27/34
[INFO ] Decompressing arm9 overlay 28/34
[INFO ] Decompressing arm9 overlay 29/34
[INFO ] Decompressing arm9 overlay 30/34
[INFO ] Decompressing arm9 overlay 31/34
[INFO ] Decompressing arm9 overlay 32/34
[INFO ] Decompressing arm9 overlay 33/34
[INFO ] Decompressing arm9 overlay 34/34
[INFO ] Saving ROM assets
[5/326] C:\Users\swayn\Projects\DQIX-Decomp\.venv\Scripts\python.exe tools/generate_lcf.py --dsd ".\dsd.exe" --config-path config\usa\arm9\config.yaml --lcf-path build\usa\arm9.lcf
[INFO ] Loading ROM from config\usa\arm9\../../../extract/usa/config.yaml
[6/326] "C:\Users\swayn\Projects\DQIX-Decomp\.venv\Scripts\python.exe" tools/delink_outputs.py plan --objdiff objdiff.json --extract "extract\usa" --directory "build\usa\delinks" --plan "build\usa\delinks\outputs.json" --completion "build\usa\delinks\completion.json" --dyndep "build\usa\delinks\outputs.dd" --depfile "build\usa\delinks\outputs.dd.d"
[7/326] "C:\Users\swayn\Projects\DQIX-Decomp\.venv\Scripts\python.exe" tools/delink_outputs.py run --dsd ".\dsd.exe" --config "config\usa\arm9\config.yaml" --directory "build\usa\delinks" --plan "build\usa\delinks\outputs.json" --completion "build\usa\delinks\completion.json"
[INFO ] Loading ROM from config\usa\arm9\../../../extract/usa/config.yaml
[INFO ] Function at 0x020c0e9c was adjusted to include pre-code constant pool at 0x020c0e88
[8/326] C:\Users\swayn\Projects\DQIX-Decomp\.venv\Scripts\python.exe tools/download_tool.py mwccarm latest --path tools

Downloading mwccarm latest...
[9/326] ".\tools\mwccarm\2.0\sp2p2\mwccarm.exe" -O2 -enum int -char signed -str noreuse -proc arm946e -gccext,on -fp soft -inline noauto -lang=c++ -Cpp_exceptions off -RTTI off -interworking -w off -sym on -gccinc -nolink -msgstyle gcc -str pool,reuse -i include -lang=c++ -d usa -MD -c src\Combat\Main\BasicAttackCalculation.cpp -o build\usa\src\Combat\Main
[10/326] ".\tools\mwccarm\2.0\sp2p2\mwccarm.exe" -O2 -enum int -char signed -str noreuse -proc arm946e -gccext,on -fp soft -inline noauto -lang=c++ -Cpp_exceptions off -RTTI off -interworking -w off -sym on -gccinc -nolink -msgstyle gcc -str pool,reuse -i include -lang=c++ -d usa -MD -c src\Combat\Main\CritRateCalculation.cpp -o build\usa\src\Combat\Main
[11/326] ".\tools\mwccarm\2.0\sp2p2\mwccarm.exe" -O2 -enum int -char signed -str noreuse -proc arm946e -gccext,on -fp soft -inline noauto -lang=c++ -Cpp_exceptions off -RTTI off -interworking -w off -sym on -gccinc -nolink -msgstyle gcc -str pool,reuse -i include -lang=c++ -d usa -MD -c src\Combat\Main\TensionBonusCalculation.cpp -o build\usa\src\Combat\Main
[12/326] ".\tools\mwccarm\2.0\sp2p2\mwccarm.exe" -O2 -enum int -char signed -str noreuse -proc arm946e -gccext,on -fp soft -inline noauto -lang=c++ -Cpp_exceptions off -RTTI off -interworking -w off -sym on -gccinc -nolink -msgstyle gcc -str pool,reuse -i include -lang=c++ -d usa -MD -c src\Filesystem\ASCIIUppercaseTable.cpp -o build\usa\src\Filesystem
[13/326] ".\tools\mwccarm\2.0\sp2p2\mwccarm.exe" -O2 -enum int -char signed -str noreuse -proc arm946e -gccext,on -fp soft -inline noauto -lang=c++ -Cpp_exceptions off -RTTI off -interworking -w off -sym on -gccinc -nolink -msgstyle gcc -str pool,reuse -i include -lang=c++ -d usa -MD -c src\Filesystem\CachedMemory.cpp -o build\usa\src\Filesystem
[14/326] ".\tools\mwccarm\2.0\sp2p2\mwccarm.exe" -O2 -enum int -char signed -str noreuse -proc arm946e -gccext,on -fp soft -inline noauto -lang=c++ -Cpp_exceptions off -RTTI off -interworking -w off -sym on -gccinc -nolink -msgstyle gcc -str pool,reuse -i include -lang=c++ -d usa -MD -c src\Filesystem\CardReadManagerAcquireBus.cpp -o build\usa\src\Filesystem
[15/326] ".\tools\mwccarm\2.0\sp2p2\mwccarm.exe" -O2 -enum int -char signed -str noreuse -proc arm946e -gccext,on -fp soft -inline noauto -lang=c++ -Cpp_exceptions off -RTTI off -interworking -w off -sym on -gccinc -nolink -msgstyle gcc -str pool,reuse -i include -lang=c++ -d usa -MD -c src\Filesystem\CardReadManagerInit.cpp -o build\usa\src\Filesystem
[16/326] ".\tools\mwccarm\2.0\sp2p2\mwccarm.exe" -O2 -enum int -char signed -str noreuse -proc arm946e -gccext,on -fp soft -inline noauto -lang=c++ -Cpp_exceptions off -RTTI off -interworking -w off -sym on -gccinc -nolink -msgstyle gcc -str pool,reuse -i include -lang=c++ -d usa -MD -c src\Filesystem\CardReadManagerState.cpp -o build\usa\src\Filesystem
[17/326] ".\tools\mwccarm\2.0\sp2p2\mwccarm.exe" -O2 -enum int -char signed -str noreuse -proc arm946e -gccext,on -fp soft -inline noauto -lang=c++ -Cpp_exceptions off -RTTI off -interworking -w off -sym on -gccinc -nolink -msgstyle gcc -str pool,reuse -i include -lang=c++ -d usa -MD -c src\Filesystem\CardReadScratchState.cpp -o build\usa\src\Filesystem
[18/326] ".\tools\mwccarm\2.0\sp2p2\mwccarm.exe" -O2 -enum int -char signed -str noreuse -proc arm946e -gccext,on -fp soft -inline noauto -lang=c++ -Cpp_exceptions off -RTTI off -interworking -w off -sym on -gccinc -nolink -msgstyle gcc -str pool,reuse -i include -lang=c++ -d usa -MD -c src\Filesystem\CardReadState.cpp -o build\usa\src\Filesystem
[19/326] ".\tools\mwccarm\2.0\sp2p2\mwccarm.exe" -O2 -enum int -char signed -str noreuse -proc arm946e -gccext,on -fp soft -inline noauto -lang=c++ -Cpp_exceptions off -RTTI off -interworking -w off -sym on -gccinc -nolink -msgstyle gcc -str pool,reuse -i include -lang=c++ -d usa -MD -c src\Filesystem\ExtendedNitroVM.cpp -o build\usa\src\Filesystem
[20/326] ".\tools\mwccarm\2.0\sp2p2\mwccarm.exe" -O2 -enum int -char signed -str noreuse -proc arm946e -gccext,on -fp soft -inline noauto -lang=c++ -Cpp_exceptions off -RTTI off -interworking -w off -sym on -gccinc -nolink -msgstyle gcc -str pool,reuse -i include -lang=c++ -d usa -MD -c src\Filesystem\FileAccessor.cpp -o build\usa\src\Filesystem
[21/326] ".\tools\mwccarm\2.0\sp2p2\mwccarm.exe" -O2 -enum int -char signed -str noreuse -proc arm946e -gccext,on -fp soft -inline noauto -lang=c++ -Cpp_exceptions off -RTTI off -interworking -w off -sym on -gccinc -nolink -msgstyle gcc -str pool,reuse -i include -lang=c++ -d usa -MD -c src\Filesystem\FileCacheConfiguration.cpp -o build\usa\src\Filesystem
[22/326] ".\tools\mwccarm\2.0\sp2p2\mwccarm.exe" -O2 -enum int -char signed -str noreuse -proc arm946e -gccext,on -fp soft -inline noauto -lang=c++ -Cpp_exceptions off -RTTI off -interworking -w off -sym on -gccinc -nolink -msgstyle gcc -str pool,reuse -i include -lang=c++ -d usa -MD -c src\Filesystem\FileCacheCRCTable.cpp -o build\usa\src\Filesystem
[23/326] ".\tools\mwccarm\2.0\sp2p2\mwccarm.exe" -O2 -enum int -char signed -str noreuse -proc arm946e -gccext,on -fp soft -inline noauto -lang=c++ -Cpp_exceptions off -RTTI off -interworking -w off -sym on -gccinc -nolink -msgstyle gcc -str pool,reuse -i include -lang=c++ -d usa -MD -c src\Filesystem\FileIOConfiguration.cpp -o build\usa\src\Filesystem
[24/326] ".\tools\mwccarm\2.0\sp2p2\mwccarm.exe" -O2 -enum int -char signed -str noreuse -proc arm946e -gccext,on -fp soft -inline noauto -lang=c++ -Cpp_exceptions off -RTTI off -interworking -w off -sym on -gccinc -nolink -msgstyle gcc -str pool,reuse -i include -lang=c++ -d usa -MD -c src\Filesystem\GPC.cpp -o build\usa\src\Filesystem
[25/326] ".\tools\mwccarm\2.0\sp2p2\mwccarm.exe" -O2 -enum int -char signed -str noreuse -proc arm946e -gccext,on -fp soft -inline noauto -lang=c++ -Cpp_exceptions off -RTTI off -interworking -w off -sym on -gccinc -nolink -msgstyle gcc -str pool,reuse -i include -lang=c++ -d usa -MD -c src\Filesystem\GPCData.cpp -o build\usa\src\Filesystem
[26/326] ".\tools\mwccarm\2.0\sp2p2\mwccarm.exe" -O2 -enum int -char signed -str noreuse -proc arm946e -gccext,on -fp soft -inline noauto -lang=c++ -Cpp_exceptions off -RTTI off -interworking -w off -sym on -gccinc -nolink -msgstyle gcc -str pool,reuse -i include -lang=c++ -d usa -MD -c src\Filesystem\GPCStartup.cpp -o build\usa\src\Filesystem
[27/326] ".\tools\mwccarm\2.0\sp2p2\mwccarm.exe" -O2 -enum int -char signed -str noreuse -proc arm946e -gccext,on -fp soft -inline noauto -lang=c++ -Cpp_exceptions off -RTTI off -interworking -w off -sym on -gccinc -nolink -msgstyle gcc -str pool,reuse -i include -lang=c++ -d usa -MD -c src\Filesystem\LowNitroHandle.cpp -o build\usa\src\Filesystem
[28/326] ".\tools\mwccarm\2.0\sp2p2\mwccarm.exe" -O2 -enum int -char signed -str noreuse -proc arm946e -gccext,on -fp soft -inline noauto -lang=c++ -Cpp_exceptions off -RTTI off -interworking -w off -sym on -gccinc -nolink -msgstyle gcc -str pool,reuse -i include -lang=c++ -d usa -MD -c src\Filesystem\NarcHandle.cpp -o build\usa\src\Filesystem
[29/326] ".\tools\mwccarm\2.0\sp2p2\mwccarm.exe" -O2 -enum int -char signed -str noreuse -proc arm946e -gccext,on -fp soft -inline noauto -lang=c++ -Cpp_exceptions off -RTTI off -interworking -w off -sym on -gccinc -nolink -msgstyle gcc -str pool,reuse -i include -lang=c++ -d usa -MD -c src\Filesystem\NitroFSState.cpp -o build\usa\src\Filesystem
[30/326] ".\tools\mwccarm\2.0\sp2p2\mwccarm.exe" -O2 -enum int -char signed -str noreuse -proc arm946e -gccext,on -fp soft -inline noauto -lang=c++ -Cpp_exceptions off -RTTI off -interworking -w off -sym on -gccinc -nolink -msgstyle gcc -str pool,reuse -i include -lang=c++ -d usa -MD -c src\Filesystem\NitroVM.cpp -o build\usa\src\Filesystem
[31/326] ".\tools\mwccarm\2.0\sp2p2\mwccarm.exe" -O2 -enum int -char signed -str noreuse -proc arm946e -gccext,on -fp soft -inline noauto -lang=c++ -Cpp_exceptions off -RTTI off -interworking -w off -sym on -gccinc -nolink -msgstyle gcc -str pool,reuse -i include -lang=c++ -d usa -MD -c src\Filesystem\OverlayFSManagement.cpp -o build\usa\src\Filesystem
[32/326] ".\tools\mwccarm\2.0\sp2p2\mwccarm.exe" -O2 -enum int -char signed -str noreuse -proc arm946e -gccext,on -fp soft -inline noauto -lang=c++ -Cpp_exceptions off -RTTI off -interworking -w off -sym on -gccinc -nolink -msgstyle gcc -str pool,reuse -i include -lang=c++ -d usa -MD -c src\Filesystem\itcm\FileCacheCRC.cpp -o build\usa\src\Filesystem\itcm
[33/326] ".\tools\mwccarm\2.0\sp2p2\mwccarm.exe" -O2 -enum int -char signed -str noreuse -proc arm946e -gccext,on -fp soft -inline noauto -lang=c++ -Cpp_exceptions off -RTTI off -interworking -w off -sym on -gccinc -nolink -msgstyle gcc -str pool,reuse -i include -lang=c++ -d usa -MD -c src\Filesystem\itcm\FileCacheData.cpp -o build\usa\src\Filesystem\itcm
[34/326] ".\tools\mwccarm\2.0\sp2p2\mwccarm.exe" -O2 -enum int -char signed -str noreuse -proc arm946e -gccext,on -fp soft -inline noauto -lang=c++ -Cpp_exceptions off -RTTI off -interworking -w off -sym on -gccinc -nolink -msgstyle gcc -str pool,reuse -i include -lang=c++ -d usa -MD -c src\GameState\GameStateInstance.cpp -o build\usa\src\GameState
[35/326] ".\tools\mwccarm\2.0\sp2p2\mwccarm.exe" -O2 -enum int -char signed -str noreuse -proc arm946e -gccext,on -fp soft -inline noauto -lang=c++ -Cpp_exceptions off -RTTI off -interworking -w off -sym on -gccinc -nolink -msgstyle gcc -str pool,reuse -i include -lang=c++ -d usa -MD -c src\Filesystem\CardReadManager.cpp -o build\usa\src\Filesystem
[36/326] ".\tools\mwccarm\2.0\sp2p2\mwccarm.exe" -O2 -enum int -char signed -str noreuse -proc arm946e -gccext,on -fp soft -inline noauto -lang=c++ -Cpp_exceptions off -RTTI off -interworking -w off -sym on -gccinc -nolink -msgstyle gcc -str pool,reuse -i include -lang=c++ -d usa -MD -c src\GameState\GameStateObjects.cpp -o build\usa\src\GameState
[37/326] ".\tools\mwccarm\2.0\sp2p2\mwccarm.exe" -O2 -enum int -char signed -str noreuse -proc arm946e -gccext,on -fp soft -inline noauto -lang=c++ -Cpp_exceptions off -RTTI off -interworking -w off -sym on -gccinc -nolink -msgstyle gcc -str pool,reuse -i include -lang=c++ -d usa -MD -c src\GameState\GameTime.cpp -o build\usa\src\GameState
[38/326] ".\tools\mwccarm\2.0\sp2p2\mwccarm.exe" -O2 -enum int -char signed -str noreuse -proc arm946e -gccext,on -fp soft -inline noauto -lang=c++ -Cpp_exceptions off -RTTI off -interworking -w off -sym on -gccinc -nolink -msgstyle gcc -str pool,reuse -i include -lang=c++ -d usa -MD -c src\Graphics\AlphaTween.cpp -o build\usa\src\Graphics
[39/326] ".\tools\mwccarm\2.0\sp2p2\mwccarm.exe" -O2 -enum int -char signed -str noreuse -proc arm946e -gccext,on -fp soft -inline noauto -lang=c++ -Cpp_exceptions off -RTTI off -interworking -w off -sym on -gccinc -nolink -msgstyle gcc -str pool,reuse -i include -lang=c++ -d usa -MD -c src\Graphics\Animation3D.cpp -o build\usa\src\Graphics
[40/326] ".\tools\mwccarm\2.0\sp2p2\mwccarm.exe" -O2 -enum int -char signed -str noreuse -proc arm946e -gccext,on -fp soft -inline noauto -lang=c++ -Cpp_exceptions off -RTTI off -interworking -w off -sym on -gccinc -nolink -msgstyle gcc -str pool,reuse -i include -lang=c++ -d usa -MD -c src\Graphics\ExtendedVectorMath.cpp -o build\usa\src\Graphics
[41/326] ".\tools\mwccarm\2.0\sp2p2\mwccarm.exe" -O2 -enum int -char signed -str noreuse -proc arm946e -gccext,on -fp soft -inline noauto -lang=c++ -Cpp_exceptions off -RTTI off -interworking -w off -sym on -gccinc -nolink -msgstyle gcc -str pool,reuse -i include -lang=c++ -d usa -MD -c src\Graphics\LightingInfo.cpp -o build\usa\src\Graphics
[42/326] ".\tools\mwccarm\2.0\sp2p2\mwccarm.exe" -O2 -enum int -char signed -str noreuse -proc arm946e -gccext,on -fp soft -inline noauto -lang=c++ -Cpp_exceptions off -RTTI off -interworking -w off -sym on -gccinc -nolink -msgstyle gcc -str pool,reuse -i include -lang=c++ -d usa -MD -c src\Combat\Overlay_0\GetCombatantByID.cpp -o build\usa\src\Combat\Overlay_0
[43/326] ".\tools\mwccarm\2.0\sp2p2\mwccarm.exe" -O2 -enum int -char signed -str noreuse -proc arm946e -gccext,on -fp soft -inline noauto -lang=c++ -Cpp_exceptions off -RTTI off -interworking -w off -sym on -gccinc -nolink -msgstyle gcc -str pool,reuse -i include -lang=c++ -d usa -MD -c src\Graphics\VRAMAllocations.cpp -o build\usa\src\Graphics
[44/326] ".\tools\mwccarm\2.0\sp2p2\mwccarm.exe" -O2 -enum int -char signed -str noreuse -proc arm946e -gccext,on -fp soft -inline noauto -lang=c++ -Cpp_exceptions off -RTTI off -interworking -w off -sym on -gccinc -nolink -msgstyle gcc -str pool,reuse -i include -lang=c++ -d usa -MD -c src\Combat\Overlay_24\GetAttackBaseDamage.cpp -o build\usa\src\Combat\Overlay_24
[45/326] ".\tools\mwccarm\2.0\sp2p2\mwccarm.exe" -O2 -enum int -char signed -str noreuse -proc arm946e -gccext,on -fp soft -inline noauto -lang=c++ -Cpp_exceptions off -RTTI off -interworking -w off -sym on -gccinc -nolink -msgstyle gcc -str pool,reuse -i include -lang=c++ -d usa -MD -c src\Graphics\VRAMDefaults.cpp -o build\usa\src\Graphics
[46/326] ".\tools\mwccarm\2.0\sp2p2\mwccarm.exe" -O2 -enum int -char signed -str noreuse -proc arm946e -gccext,on -fp soft -inline noauto -lang=c++ -Cpp_exceptions off -RTTI off -interworking -w off -sym on -gccinc -nolink -msgstyle gcc -str pool,reuse -i include -lang=c++ -d usa -MD -c src\Combat\Overlay_0\UpdateCombatantBuffs.cpp -o build\usa\src\Combat\Overlay_0
[47/326] ".\tools\mwccarm\2.0\sp2p2\mwccarm.exe" -O2 -enum int -char signed -str noreuse -proc arm946e -gccext,on -fp soft -inline noauto -lang=c++ -Cpp_exceptions off -RTTI off -interworking -w off -sym on -gccinc -nolink -msgstyle gcc -str pool,reuse -i include -lang=c++ -d usa -MD -c src\Graphics\VRAMImageInit.cpp -o build\usa\src\Graphics
[48/326] ".\tools\mwccarm\2.0\sp2p2\mwccarm.exe" -O2 -enum int -char signed -str noreuse -proc arm946e -gccext,on -fp soft -inline noauto -lang=c++ -Cpp_exceptions off -RTTI off -interworking -w off -sym on -gccinc -nolink -msgstyle gcc -str pool,reuse -i include -lang=c++ -d usa -MD -c src\Filesystem\FileIO.cpp -o build\usa\src\Filesystem
[49/326] ".\tools\mwccarm\2.0\sp2p2\mwccarm.exe" -O2 -enum int -char signed -str noreuse -proc arm946e -gccext,on -fp soft -inline noauto -lang=c++ -Cpp_exceptions off -RTTI off -interworking -w off -sym on -gccinc -nolink -msgstyle gcc -str pool,reuse -i include -lang=c++ -d usa -MD -c src\Graphics\VRAMImagePools.cpp -o build\usa\src\Graphics
[50/326] ".\tools\mwccarm\2.0\sp2p2\mwccarm.exe" -O2 -enum int -char signed -str noreuse -proc arm946e -gccext,on -fp soft -inline noauto -lang=c++ -Cpp_exceptions off -RTTI off -interworking -w off -sym on -gccinc -nolink -msgstyle gcc -str pool,reuse -i include -lang=c++ -d usa -MD -c src\Graphics\VRAMImageReset.cpp -o build\usa\src\Graphics
[51/326] ".\tools\mwccarm\2.0\sp2p2\mwccarm.exe" -O2 -enum int -char signed -str noreuse -proc arm946e -gccext,on -fp soft -inline noauto -lang=c++ -Cpp_exceptions off -RTTI off -interworking -w off -sym on -gccinc -nolink -msgstyle gcc -str pool,reuse -i include -lang=c++ -d usa -MD -c src\Filesystem\BackgroundLoader.cpp -o build\usa\src\Filesystem
[52/326] ".\tools\mwccarm\2.0\sp2p2\mwccarm.exe" -O2 -enum int -char signed -str noreuse -proc arm946e -gccext,on -fp soft -inline noauto -lang=c++ -Cpp_exceptions off -RTTI off -interworking -w off -sym on -gccinc -nolink -msgstyle gcc -str pool,reuse -i include -lang=c++ -d usa -MD -c src\Graphics\VRAMImageState.cpp -o build\usa\src\Graphics
[53/326] ".\tools\mwccarm\2.0\sp2p2\mwccarm.exe" -O2 -enum int -char signed -str noreuse -proc arm946e -gccext,on -fp soft -inline noauto -lang=c++ -Cpp_exceptions off -RTTI off -interworking -w off -sym on -gccinc -nolink -msgstyle gcc -str pool,reuse -i include -lang=c++ -d usa -MD -c src\Graphics\VRAMPaletteAllocation.cpp -o build\usa\src\Graphics
[54/326] ".\tools\mwccarm\2.0\sp2p2\mwccarm.exe" -O2 -enum int -char signed -str noreuse -proc arm946e -gccext,on -fp soft -inline noauto -lang=c++ -Cpp_exceptions off -RTTI off -interworking -w off -sym on -gccinc -nolink -msgstyle gcc -str pool,reuse -i include -lang=c++ -d usa -MD -c src\Graphics\VRAMStaging.cpp -o build\usa\src\Graphics
[55/326] ".\tools\mwccarm\2.0\sp2p2\mwccarm.exe" -O2 -enum int -char signed -str noreuse -proc arm946e -gccext,on -fp soft -inline noauto -lang=c++ -Cpp_exceptions off -RTTI off -interworking -w off -sym on -gccinc -nolink -msgstyle gcc -str pool,reuse -i include -lang=c++ -d usa -MD -c src\Graphics\itcm\VRAMStagingITCM.cpp -o build\usa\src\Graphics\itcm
[56/326] ".\tools\mwccarm\2.0\sp2p2\mwccarm.exe" -O2 -enum int -char signed -str noreuse -proc arm946e -gccext,on -fp soft -inline noauto -lang=c++ -Cpp_exceptions off -RTTI off -interworking -w off -sym on -gccinc -nolink -msgstyle gcc -str pool,reuse -i include -lang=c++ -d usa -MD -c src\Graphics\NSBXX\Animation.cpp -o build\usa\src\Graphics\NSBXX
[57/326] ".\tools\mwccarm\2.0\sp2p2\mwccarm.exe" -O2 -enum int -char signed -str noreuse -proc arm946e -gccext,on -fp soft -inline noauto -lang=c++ -Cpp_exceptions off -RTTI off -interworking -w off -sym on -gccinc -nolink -msgstyle gcc -str pool,reuse -i include -lang=c++ -d usa -MD -c src\Filesystem\Overlay_33\Ov33BackgroundLoader.cpp -o build\usa\src\Filesystem\Overlay_33
[58/326] ".\tools\mwccarm\2.0\sp2p2\mwccarm.exe" -O2 -enum int -char signed -str noreuse -proc arm946e -gccext,on -fp soft -inline noauto -lang=c++ -Cpp_exceptions off -RTTI off -interworking -w off -sym on -gccinc -nolink -msgstyle gcc -str pool,reuse -i include -lang=c++ -d usa -MD -c src\Graphics\NSBXX\AnimationProcessing.cpp -o build\usa\src\Graphics\NSBXX
[59/326] ".\tools\mwccarm\2.0\sp2p2\mwccarm.exe" -O2 -enum int -char signed -str noreuse -proc arm946e -gccext,on -fp soft -inline noauto -lang=c++ -Cpp_exceptions off -RTTI off -interworking -w off -sym on -gccinc -nolink -msgstyle gcc -str pool,reuse -i include -lang=c++ -d usa -MD -c src\Graphics\NSBXX\BoneRenderScratch.cpp -o build\usa\src\Graphics\NSBXX
[60/326] ".\tools\mwccarm\2.0\sp2p2\mwccarm.exe" -O2 -enum int -char signed -str noreuse -proc arm946e -gccext,on -fp soft -inline noauto -lang=c++ -Cpp_exceptions off -RTTI off -interworking -w off -sym on -gccinc -nolink -msgstyle gcc -str pool,reuse -i include -lang=c++ -d usa -MD -c src\Graphics\NSBXX\GeometryFifo.cpp -o build\usa\src\Graphics\NSBXX
[61/326] ".\tools\mwccarm\2.0\sp2p2\mwccarm.exe" -O2 -enum int -char signed -str noreuse -proc arm946e -gccext,on -fp soft -inline noauto -lang=c++ -Cpp_exceptions off -RTTI off -interworking -w off -sym on -gccinc -nolink -msgstyle gcc -str pool,reuse -i include -lang=c++ -d usa -MD -c src\Graphics\NSBXX\InverseBindScratch.cpp -o build\usa\src\Graphics\NSBXX
[62/326] ".\tools\mwccarm\2.0\sp2p2\mwccarm.exe" -O2 -enum int -char signed -str noreuse -proc arm946e -gccext,on -fp soft -inline noauto -lang=c++ -Cpp_exceptions off -RTTI off -interworking -w off -sym on -gccinc -nolink -msgstyle gcc -str pool,reuse -i include -lang=c++ -d usa -MD -c src\Graphics\NSBXX\JAC.cpp -o build\usa\src\Graphics\NSBXX
[63/326] ".\tools\mwccarm\2.0\sp2p2\mwccarm.exe" -O2 -enum int -char signed -str noreuse -proc arm946e -gccext,on -fp soft -inline noauto -lang=c++ -Cpp_exceptions off -RTTI off -interworking -w off -sym on -gccinc -nolink -msgstyle gcc -str pool,reuse -i include -lang=c++ -d usa -MD -c src\Graphics\NSBXX\JACBoneEvaluation.cpp -o build\usa\src\Graphics\NSBXX
[64/326] ".\tools\mwccarm\2.0\sp2p2\mwccarm.exe" -O2 -enum int -char signed -str noreuse -proc arm946e -gccext,on -fp soft -inline noauto -lang=c++ -Cpp_exceptions off -RTTI off -interworking -w off -sym on -gccinc -nolink -msgstyle gcc -str pool,reuse -i include -lang=c++ -d usa -MD -c src\Graphics\NSBXX\JACInterpolation.cpp -o build\usa\src\Graphics\NSBXX
[65/326] ".\tools\mwccarm\2.0\sp2p2\mwccarm.exe" -O2 -enum int -char signed -str noreuse -proc arm946e -gccext,on -fp soft -inline noauto -lang=c++ -Cpp_exceptions off -RTTI off -interworking -w off -sym on -gccinc -nolink -msgstyle gcc -str pool,reuse -i include -lang=c++ -d usa -MD -c src\Graphics\NSBXX\JACPivotPositions.cpp -o build\usa\src\Graphics\NSBXX
[66/326] ".\tools\mwccarm\2.0\sp2p2\mwccarm.exe" -O2 -enum int -char signed -str noreuse -proc arm946e -gccext,on -fp soft -inline noauto -lang=c++ -Cpp_exceptions off -RTTI off -interworking -w off -sym on -gccinc -nolink -msgstyle gcc -str pool,reuse -i include -lang=c++ -d usa -MD -c src\Graphics\NSBXX\JACSetup.cpp -o build\usa\src\Graphics\NSBXX
[67/326] ".\tools\mwccarm\2.0\sp2p2\mwccarm.exe" -O2 -enum int -char signed -str noreuse -proc arm946e -gccext,on -fp soft -inline noauto -lang=c++ -Cpp_exceptions off -RTTI off -interworking -w off -sym on -gccinc -nolink -msgstyle gcc -str pool,reuse -i include -lang=c++ -d usa -MD -c src\Graphics\AtmosphericEffect.cpp -o build\usa\src\Graphics
[68/326] ".\tools\mwccarm\2.0\sp2p2\mwccarm.exe" -O2 -enum int -char signed -str noreuse -proc arm946e -gccext,on -fp soft -inline noauto -lang=c++ -Cpp_exceptions off -RTTI off -interworking -w off -sym on -gccinc -nolink -msgstyle gcc -str pool,reuse -i include -lang=c++ -d usa -MD -c src\Graphics\NSBXX\JACTranslationSmooth.cpp -o build\usa\src\Graphics\NSBXX
[69/326] ".\tools\mwccarm\2.0\sp2p2\mwccarm.exe" -O2 -enum int -char signed -str noreuse -proc arm946e -gccext,on -fp soft -inline noauto -lang=c++ -Cpp_exceptions off -RTTI off -interworking -w off -sym on -gccinc -nolink -msgstyle gcc -str pool,reuse -i include -lang=c++ -d usa -MD -c src\Graphics\Model3D.cpp -o build\usa\src\Graphics
[70/326] ".\tools\mwccarm\2.0\sp2p2\mwccarm.exe" -O2 -enum int -char signed -str noreuse -proc arm946e -gccext,on -fp soft -inline noauto -lang=c++ -Cpp_exceptions off -RTTI off -interworking -w off -sym on -gccinc -nolink -msgstyle gcc -str pool,reuse -i include -lang=c++ -d usa -MD -c src\Graphics\NSBXX\MAM.cpp -o build\usa\src\Graphics\NSBXX
[71/326] ".\tools\mwccarm\2.0\sp2p2\mwccarm.exe" -O2 -enum int -char signed -str noreuse -proc arm946e -gccext,on -fp soft -inline noauto -lang=c++ -Cpp_exceptions off -RTTI off -interworking -w off -sym on -gccinc -nolink -msgstyle gcc -str pool,reuse -i include -lang=c++ -d usa -MD -c src\Graphics\NSBXX\MAT.cpp -o build\usa\src\Graphics\NSBXX
[72/326] ".\tools\mwccarm\2.0\sp2p2\mwccarm.exe" -O2 -enum int -char signed -str noreuse -proc arm946e -gccext,on -fp soft -inline noauto -lang=c++ -Cpp_exceptions off -RTTI off -interworking -w off -sym on -gccinc -nolink -msgstyle gcc -str pool,reuse -i include -lang=c++ -d usa -MD -c src\Graphics\NSBXX\MaterialColorMasks.cpp -o build\usa\src\Graphics\NSBXX
[73/326] ".\tools\mwccarm\2.0\sp2p2\mwccarm.exe" -O2 -enum int -char signed -str noreuse -proc arm946e -gccext,on -fp soft -inline noauto -lang=c++ -Cpp_exceptions off -RTTI off -interworking -w off -sym on -gccinc -nolink -msgstyle gcc -str pool,reuse -i include -lang=c++ -d usa -MD -c src\Graphics\NSBXX\MaterialRenderScratch.cpp -o build\usa\src\Graphics\NSBXX
[74/326] ".\tools\mwccarm\2.0\sp2p2\mwccarm.exe" -O2 -enum int -char signed -str noreuse -proc arm946e -gccext,on -fp soft -inline noauto -lang=c++ -Cpp_exceptions off -RTTI off -interworking -w off -sym on -gccinc -nolink -msgstyle gcc -str pool,reuse -i include -lang=c++ -d usa -MD -c src\Graphics\NSBXX\MPT.cpp -o build\usa\src\Graphics\NSBXX
[75/326] ".\tools\mwccarm\2.0\sp2p2\mwccarm.exe" -O2 -enum int -char signed -str noreuse -proc arm946e -gccext,on -fp soft -inline noauto -lang=c++ -Cpp_exceptions off -RTTI off -interworking -w off -sym on -gccinc -nolink -msgstyle gcc -str pool,reuse -i include -lang=c++ -d usa -MD -c src\Graphics\NSBXX\NameList.cpp -o build\usa\src\Graphics\NSBXX
[76/326] ".\tools\mwccarm\2.0\sp2p2\mwccarm.exe" -O2 -enum int -char signed -str noreuse -proc arm946e -gccext,on -fp soft -inline noauto -lang=c++ -Cpp_exceptions off -RTTI off -interworking -w off -sym on -gccinc -nolink -msgstyle gcc -str pool,reuse -i include -lang=c++ -d usa -MD -c src\Graphics\NSBXX\NameListLookup.cpp -o build\usa\src\Graphics\NSBXX
[77/326] ".\tools\mwccarm\2.0\sp2p2\mwccarm.exe" -O2 -enum int -char signed -str noreuse -proc arm946e -gccext,on -fp soft -inline noauto -lang=c++ -Cpp_exceptions off -RTTI off -interworking -w off -sym on -gccinc -nolink -msgstyle gcc -str pool,reuse -i include -lang=c++ -d usa -MD -c src\Graphics\NSBXX\NSBXX.cpp -o build\usa\src\Graphics\NSBXX
[78/326] ".\tools\mwccarm\2.0\sp2p2\mwccarm.exe" -O2 -enum int -char signed -str noreuse -proc arm946e -gccext,on -fp soft -inline noauto -lang=c++ -Cpp_exceptions off -RTTI off -interworking -w off -sym on -gccinc -nolink -msgstyle gcc -str pool,reuse -i include -lang=c++ -d usa -MD -c src\Graphics\NSBXX\PatternAnimation.cpp -o build\usa\src\Graphics\NSBXX
[79/326] ".\tools\mwccarm\2.0\sp2p2\mwccarm.exe" -O2 -enum int -char signed -str noreuse -proc arm946e -gccext,on -fp soft -inline noauto -lang=c++ -Cpp_exceptions off -RTTI off -interworking -w off -sym on -gccinc -nolink -msgstyle gcc -str pool,reuse -i include -lang=c++ -d usa -MD -c src\Graphics\NSBXX\RenderBindingState.cpp -o build\usa\src\Graphics\NSBXX
[80/326] ".\tools\mwccarm\2.0\sp2p2\mwccarm.exe" -O2 -enum int -char signed -str noreuse -proc arm946e -gccext,on -fp soft -inline noauto -lang=c++ -Cpp_exceptions off -RTTI off -interworking -w off -sym on -gccinc -nolink -msgstyle gcc -str pool,reuse -i include -lang=c++ -d usa -MD -c src\Graphics\NSBXX\RenderBoneScaleCallbacks.cpp -o build\usa\src\Graphics\NSBXX
[81/326] ".\tools\mwccarm\2.0\sp2p2\mwccarm.exe" -O2 -enum int -char signed -str noreuse -proc arm946e -gccext,on -fp soft -inline noauto -lang=c++ -Cpp_exceptions off -RTTI off -interworking -w off -sym on -gccinc -nolink -msgstyle gcc -str pool,reuse -i include -lang=c++ -d usa -MD -c src\Graphics\NSBXX\RenderCommandDispatch.cpp -o build\usa\src\Graphics\NSBXX
[82/326] ".\tools\mwccarm\2.0\sp2p2\mwccarm.exe" -O2 -enum int -char signed -str noreuse -proc arm946e -gccext,on -fp soft -inline noauto -lang=c++ -Cpp_exceptions off -RTTI off -interworking -w off -sym on -gccinc -nolink -msgstyle gcc -str pool,reuse -i include -lang=c++ -d usa -MD -c src\Graphics\NSBXX\RenderCommandProcs.cpp -o build\usa\src\Graphics\NSBXX
[83/326] ".\tools\mwccarm\2.0\sp2p2\mwccarm.exe" -O2 -enum int -char signed -str noreuse -proc arm946e -gccext,on -fp soft -inline noauto -lang=c++ -Cpp_exceptions off -RTTI off -interworking -w off -sym on -gccinc -nolink -msgstyle gcc -str pool,reuse -i include -lang=c++ -d usa -MD -c src\Graphics\NSBXX\RenderCommands.cpp -o build\usa\src\Graphics\NSBXX
[84/326] ".\tools\mwccarm\2.0\sp2p2\mwccarm.exe" -O2 -enum int -char signed -str noreuse -proc arm946e -gccext,on -fp soft -inline noauto -lang=c++ -Cpp_exceptions off -RTTI off -interworking -w off -sym on -gccinc -nolink -msgstyle gcc -str pool,reuse -i include -lang=c++ -d usa -MD -c src\Graphics\NSBXX\RenderCommands_10_13.cpp -o build\usa\src\Graphics\NSBXX
[85/326] ".\tools\mwccarm\2.0\sp2p2\mwccarm.exe" -O2 -enum int -char signed -str noreuse -proc arm946e -gccext,on -fp soft -inline noauto -lang=c++ -Cpp_exceptions off -RTTI off -interworking -w off -sym on -gccinc -nolink -msgstyle gcc -str pool,reuse -i include -lang=c++ -d usa -MD -c src\Graphics\NSBXX\RenderCommand_9.cpp -o build\usa\src\Graphics\NSBXX
[86/326] ".\tools\mwccarm\2.0\sp2p2\mwccarm.exe" -O2 -enum int -char signed -str noreuse -proc arm946e -gccext,on -fp soft -inline noauto -lang=c++ -Cpp_exceptions off -RTTI off -interworking -w off -sym on -gccinc -nolink -msgstyle gcc -str pool,reuse -i include -lang=c++ -d usa -MD -c src\Graphics\NSBXX\RenderConfig.cpp -o build\usa\src\Graphics\NSBXX
[87/326] ".\tools\mwccarm\2.0\sp2p2\mwccarm.exe" -O2 -enum int -char signed -str noreuse -proc arm946e -gccext,on -fp soft -inline noauto -lang=c++ -Cpp_exceptions off -RTTI off -interworking -w off -sym on -gccinc -nolink -msgstyle gcc -str pool,reuse -i include -lang=c++ -d usa -MD -c src\Graphics\LightingManager.cpp -o build\usa\src\Graphics
[88/326] ".\tools\mwccarm\2.0\sp2p2\mwccarm.exe" -O2 -enum int -char signed -str noreuse -proc arm946e -gccext,on -fp soft -inline noauto -lang=c++ -Cpp_exceptions off -RTTI off -interworking -w off -sym on -gccinc -nolink -msgstyle gcc -str pool,reuse -i include -lang=c++ -d usa -MD -c src\Graphics\NSBXX\RenderConfigState.cpp -o build\usa\src\Graphics\NSBXX
[89/326] ".\tools\mwccarm\2.0\sp2p2\mwccarm.exe" -O2 -enum int -char signed -str noreuse -proc arm946e -gccext,on -fp soft -inline noauto -lang=c++ -Cpp_exceptions off -RTTI off -interworking -w off -sym on -gccinc -nolink -msgstyle gcc -str pool,reuse -i include -lang=c++ -d usa -MD -c src\Graphics\NSBXX\RenderMaterialCallbacks.cpp -o build\usa\src\Graphics\NSBXX
[90/326] ".\tools\mwccarm\2.0\sp2p2\mwccarm.exe" -O2 -enum int -char signed -str noreuse -proc arm946e -gccext,on -fp soft -inline noauto -lang=c++ -Cpp_exceptions off -RTTI off -interworking -w off -sym on -gccinc -nolink -msgstyle gcc -str pool,reuse -i include -lang=c++ -d usa -MD -c src\Graphics\NSBXX\RenderMatrixCommands.cpp -o build\usa\src\Graphics\NSBXX
[91/326] ".\tools\mwccarm\2.0\sp2p2\mwccarm.exe" -O2 -enum int -char signed -str noreuse -proc arm946e -gccext,on -fp soft -inline noauto -lang=c++ -Cpp_exceptions off -RTTI off -interworking -w off -sym on -gccinc -nolink -msgstyle gcc -str pool,reuse -i include -lang=c++ -d usa -MD -c src\Graphics\NSBXX\RenderModelCallbacks.cpp -o build\usa\src\Graphics\NSBXX
[92/326] ".\tools\mwccarm\2.0\sp2p2\mwccarm.exe" -O2 -enum int -char signed -str noreuse -proc arm946e -gccext,on -fp soft -inline noauto -lang=c++ -Cpp_exceptions off -RTTI off -interworking -w off -sym on -gccinc -nolink -msgstyle gcc -str pool,reuse -i include -lang=c++ -d usa -MD -c src\Graphics\NSBXX\RenderPivotPositions.cpp -o build\usa\src\Graphics\NSBXX
[93/326] ".\tools\mwccarm\2.0\sp2p2\mwccarm.exe" -O2 -enum int -char signed -str noreuse -proc arm946e -gccext,on -fp soft -inline noauto -lang=c++ -Cpp_exceptions off -RTTI off -interworking -w off -sym on -gccinc -nolink -msgstyle gcc -str pool,reuse -i include -lang=c++ -d usa -MD -c src\Graphics\NSBXX\RenderScratchState.cpp -o build\usa\src\Graphics\NSBXX
[94/326] ".\tools\mwccarm\2.0\sp2p2\mwccarm.exe" -O2 -enum int -char signed -str noreuse -proc arm946e -gccext,on -fp soft -inline noauto -lang=c++ -Cpp_exceptions off -RTTI off -interworking -w off -sym on -gccinc -nolink -msgstyle gcc -str pool,reuse -i include -lang=c++ -d usa -MD -c src\Graphics\NSBXX\TEX.cpp -o build\usa\src\Graphics\NSBXX
[95/326] ".\tools\mwccarm\2.0\sp2p2\mwccarm.exe" -O2 -enum int -char signed -str noreuse -proc arm946e -gccext,on -fp soft -inline noauto -lang=c++ -Cpp_exceptions off -RTTI off -interworking -w off -sym on -gccinc -nolink -msgstyle gcc -str pool,reuse -i include -lang=c++ -d usa -MD -c src\Graphics\NSBXX\VAV.cpp -o build\usa\src\Graphics\NSBXX
[96/326] ".\tools\mwccarm\2.0\sp2p2\mwccarm.exe" -O2 -enum int -char signed -str noreuse -proc arm946e -gccext,on -fp soft -inline noauto -lang=c++ -Cpp_exceptions off -RTTI off -interworking -w off -sym on -gccinc -nolink -msgstyle gcc -str pool,reuse -i include -lang=c++ -d usa -MD -c src\Grotto\Main\ActiveGrottoClass.cpp -o build\usa\src\Grotto\Main
[97/326] ".\tools\mwccarm\2.0\sp2p2\mwccarm.exe" -O2 -enum int -char signed -str noreuse -proc arm946e -gccext,on -fp soft -inline noauto -lang=c++ -Cpp_exceptions off -RTTI off -interworking -w off -sym on -gccinc -nolink -msgstyle gcc -str pool,reuse -i include -lang=c++ -d usa -MD -c src\Grotto\Main\ActiveGrottoClass_2.cpp -o build\usa\src\Grotto\Main
[98/326] ".\tools\mwccarm\2.0\sp2p2\mwccarm.exe" -O2 -enum int -char signed -str noreuse -proc arm946e -gccext,on -fp soft -inline noauto -lang=c++ -Cpp_exceptions off -RTTI off -interworking -w off -sym on -gccinc -nolink -msgstyle gcc -str pool,reuse -i include -lang=c++ -d usa -MD -c src\Grotto\Main\FloorMap.cpp -o build\usa\src\Grotto\Main
[99/326] ".\tools\mwccarm\2.0\sp2p2\mwccarm.exe" -O2 -enum int -char signed -str noreuse -proc arm946e -gccext,on -fp soft -inline noauto -lang=c++ -Cpp_exceptions off -RTTI off -interworking -w off -sym on -gccinc -nolink -msgstyle gcc -str pool,reuse -i include -lang=c++ -d usa -MD -c src\Grotto\Main\FloorMapGenerator.cpp -o build\usa\src\Grotto\Main
[100/326] ".\tools\mwccarm\2.0\sp2p2\mwccarm.exe" -O2 -enum int -char signed -str noreuse -proc arm946e -gccext,on -fp soft -inline noauto -lang=c++ -Cpp_exceptions off -RTTI off -interworking -w off -sym on -gccinc -nolink -msgstyle gcc -str pool,reuse -i include -lang=c++ -d usa -MD -c src\Grotto\Main\GenerateObjectPosition.cpp -o build\usa\src\Grotto\Main
[101/326] ".\tools\mwccarm\2.0\sp2p2\mwccarm.exe" -O2 -enum int -char signed -str noreuse -proc arm946e -gccext,on -fp soft -inline noauto -lang=c++ -Cpp_exceptions off -RTTI off -interworking -w off -sym on -gccinc -nolink -msgstyle gcc -str pool,reuse -i include -lang=c++ -d usa -MD -c src\Grotto\Main\GrottoNameDataFile.cpp -o build\usa\src\Grotto\Main
[102/326] ".\tools\mwccarm\2.0\sp2p2\mwccarm.exe" -O2 -enum int -char signed -str noreuse -proc arm946e -gccext,on -fp soft -inline noauto -lang=c++ -Cpp_exceptions off -RTTI off -interworking -w off -sym on -gccinc -nolink -msgstyle gcc -str pool,reuse -i include -lang=c++ -d usa -MD -c src\Grotto\Main\GrottoStruct.cpp -o build\usa\src\Grotto\Main
[103/326] ".\tools\mwccarm\2.0\sp2p2\mwccarm.exe" -O2 -enum int -char signed -str noreuse -proc arm946e -gccext,on -fp soft -inline noauto -lang=c++ -Cpp_exceptions off -RTTI off -interworking -w off -sym on -gccinc -nolink -msgstyle gcc -str pool,reuse -i include -lang=c++ -d usa -MD -c src\Grotto\Main\TileFeatures.cpp -o build\usa\src\Grotto\Main
[104/326] ".\tools\mwccarm\2.0\sp2p2\mwccarm.exe" -O2 -enum int -char signed -str noreuse -proc arm946e -gccext,on -fp soft -inline noauto -lang=c++ -Cpp_exceptions off -RTTI off -interworking -w off -sym on -gccinc -nolink -msgstyle gcc -str pool,reuse -i include -lang=c++ -d usa -MD -c src\Grotto\Main\TreasureMapDataStructs.cpp -o build\usa\src\Grotto\Main
[105/326] ".\tools\mwccarm\2.0\sp2p2\mwccarm.exe" -O2 -enum int -char signed -str noreuse -proc arm946e -gccext,on -fp soft -inline noauto -lang=c++ -Cpp_exceptions off -RTTI off -interworking -w off -sym on -gccinc -nolink -msgstyle gcc -str pool,reuse -i include -lang=c++ -d usa -MD -c src\Grotto\Main\TreasureMapMetadata.cpp -o build\usa\src\Grotto\Main
[106/326] ".\tools\mwccarm\2.0\sp2p2\mwccarm.exe" -O2 -enum int -char signed -str noreuse -proc arm946e -gccext,on -fp soft -inline noauto -lang=c++ -Cpp_exceptions off -RTTI off -interworking -w off -sym on -gccinc -nolink -msgstyle gcc -str pool,reuse -i include -lang=c++ -d usa -MD -c src\Memory\AllocatorTypes.cpp -o build\usa\src\Memory
[107/326] ".\tools\mwccarm\2.0\sp2p2\mwccarm.exe" -O2 -enum int -char signed -str noreuse -proc arm946e -gccext,on -fp soft -inline noauto -lang=c++ -Cpp_exceptions off -RTTI off -interworking -w off -sym on -gccinc -nolink -msgstyle gcc -str pool,reuse -i include -lang=c++ -d usa -MD -c src\Memory\AllocatorUnion.cpp -o build\usa\src\Memory
[108/326] ".\tools\mwccarm\2.0\sp2p2\mwccarm.exe" -O2 -enum int -char signed -str noreuse -proc arm946e -gccext,on -fp soft -inline noauto -lang=c++ -Cpp_exceptions off -RTTI off -interworking -w off -sym on -gccinc -nolink -msgstyle gcc -str pool,reuse -i include -lang=c++ -d usa -MD -c src\Memory\Arena.cpp -o build\usa\src\Memory
[109/326] ".\tools\mwccarm\2.0\sp2p2\mwccarm.exe" -O2 -enum int -char signed -str noreuse -proc arm946e -gccext,on -fp soft -inline noauto -lang=c++ -Cpp_exceptions off -RTTI off -interworking -w off -sym on -gccinc -nolink -msgstyle gcc -str pool,reuse -i include -lang=c++ -d usa -MD -c src\Memory\ArenaAllocate.cpp -o build\usa\src\Memory
[110/326] ".\tools\mwccarm\2.0\sp2p2\mwccarm.exe" -O2 -enum int -char signed -str noreuse -proc arm946e -gccext,on -fp soft -inline noauto -lang=c++ -Cpp_exceptions off -RTTI off -interworking -w off -sym on -gccinc -nolink -msgstyle gcc -str pool,reuse -i include -lang=c++ -d usa -MD -c src\Memory\ArenaBoundsGet.cpp -o build\usa\src\Memory
[111/326] ".\tools\mwccarm\2.0\sp2p2\mwccarm.exe" -O2 -enum int -char signed -str noreuse -proc arm946e -gccext,on -fp soft -inline noauto -lang=c++ -Cpp_exceptions off -RTTI off -interworking -w off -sym on -gccinc -nolink -msgstyle gcc -str pool,reuse -i include -lang=c++ -d usa -MD -c src\Memory\ArenaExtendedInit.cpp -o build\usa\src\Memory
[112/326] ".\tools\mwccarm\2.0\sp2p2\mwccarm.exe" -O2 -enum int -char signed -str noreuse -proc arm946e -gccext,on -fp soft -inline noauto -lang=c++ -Cpp_exceptions off -RTTI off -interworking -w off -sym on -gccinc -nolink -msgstyle gcc -str pool,reuse -i include -lang=c++ -d usa -MD -c src\Memory\ArenaHeap.cpp -o build\usa\src\Memory
[113/326] ".\tools\mwccarm\2.0\sp2p2\mwccarm.exe" -O2 -enum int -char signed -str noreuse -proc arm946e -gccext,on -fp soft -inline noauto -lang=c++ -Cpp_exceptions off -RTTI off -interworking -w off -sym on -gccinc -nolink -msgstyle gcc -str pool,reuse -i include -lang=c++ -d usa -MD -c src\Memory\ArenaInit.cpp -o build\usa\src\Memory
[114/326] ".\tools\mwccarm\2.0\sp2p2\mwccarm.exe" -O2 -enum int -char signed -str noreuse -proc arm946e -gccext,on -fp soft -inline noauto -lang=c++ -Cpp_exceptions off -RTTI off -interworking -w off -sym on -gccinc -nolink -msgstyle gcc -str pool,reuse -i include -lang=c++ -d usa -MD -c src\Memory\ArenaInitialHigh.cpp -o build\usa\src\Memory
[115/326] ".\tools\mwccarm\2.0\sp2p2\mwccarm.exe" -O2 -enum int -char signed -str noreuse -proc arm946e -gccext,on -fp soft -inline noauto -lang=c++ -Cpp_exceptions off -RTTI off -interworking -w off -sym on -gccinc -nolink -msgstyle gcc -str pool,reuse -i include -lang=c++ -d usa -MD -c src\Memory\ArenaInitialLow.cpp -o build\usa\src\Memory
[116/326] ".\tools\mwccarm\2.0\sp2p2\mwccarm.exe" -O2 -enum int -char signed -str noreuse -proc arm946e -gccext,on -fp soft -inline noauto -lang=c++ -Cpp_exceptions off -RTTI off -interworking -w off -sym on -gccinc -nolink -msgstyle gcc -str pool,reuse -i include -lang=c++ -d usa -MD -c src\Memory\HMRFAllocator.cpp -o build\usa\src\Memory
[117/326] ".\tools\mwccarm\2.0\sp2p2\mwccarm.exe" -O2 -enum int -char signed -str noreuse -proc arm946e -gccext,on -fp soft -inline noauto -lang=c++ -Cpp_exceptions off -RTTI off -interworking -w off -sym on -gccinc -nolink -msgstyle gcc -str pool,reuse -i include -lang=c++ -d usa -MD -c src\Memory\HPXEAllocator.cpp -o build\usa\src\Memory
[118/326] ".\tools\mwccarm\2.0\sp2p2\mwccarm.exe" -O2 -enum int -char signed -str noreuse -proc arm946e -gccext,on -fp soft -inline noauto -lang=c++ -Cpp_exceptions off -RTTI off -interworking -w off -sym on -gccinc -nolink -msgstyle gcc -str pool,reuse -i include -lang=c++ -d usa -MD -c src\Memory\SafeAllocator.cpp -o build\usa\src\Memory
[119/326] ".\tools\mwccarm\2.0\sp2p2\mwccarm.exe" -O2 -enum int -char signed -str noreuse -proc arm946e -gccext,on -fp soft -inline noauto -lang=c++ -Cpp_exceptions off -RTTI off -interworking -w off -sym on -gccinc -nolink -msgstyle gcc -str pool,reuse -i include -lang=c++ -d usa -MD -c src\Memory\SignedAllocator.cpp -o build\usa\src\Memory
[120/326] ".\tools\mwccarm\2.0\sp2p2\mwccarm.exe" -O2 -enum int -char signed -str noreuse -proc arm946e -gccext,on -fp soft -inline noauto -lang=c++ -Cpp_exceptions off -RTTI off -interworking -w off -sym on -gccinc -nolink -msgstyle gcc -str pool,reuse -i include -lang=c++ -d usa -MD -c src\Memory\UnusedSignedAllocator.cpp -o build\usa\src\Memory
[121/326] ".\tools\mwccarm\2.0\sp2p2\mwccarm.exe" -O2 -enum int -char signed -str noreuse -proc arm946e -gccext,on -fp soft -inline noauto -lang=c++ -Cpp_exceptions off -RTTI off -interworking -w off -sym on -gccinc -nolink -msgstyle gcc -str pool,reuse -i include -lang=c++ -d usa -MD -c src\Resource\BCFG.cpp -o build\usa\src\Resource
[122/326] ".\tools\mwccarm\2.0\sp2p2\mwccarm.exe" -O2 -enum int -char signed -str noreuse -proc arm946e -gccext,on -fp soft -inline noauto -lang=c++ -Cpp_exceptions off -RTTI off -interworking -w off -sym on -gccinc -nolink -msgstyle gcc -str pool,reuse -i include -lang=c++ -d usa -MD -c src\Resource\Brightness.cpp -o build\usa\src\Resource
[123/326] ".\tools\mwccarm\2.0\sp2p2\mwccarm.exe" -O2 -enum int -char signed -str noreuse -proc arm946e -gccext,on -fp soft -inline noauto -lang=c++ -Cpp_exceptions off -RTTI off -interworking -w off -sym on -gccinc -nolink -msgstyle gcc -str pool,reuse -i include -lang=c++ -d usa -MD -c src\Resource\ResourceMutex.cpp -o build\usa\src\Resource
[124/326] ".\tools\mwccarm\2.0\sp2p2\mwccarm.exe" -O2 -enum int -char signed -str noreuse -proc arm946e -gccext,on -fp soft -inline noauto -lang=c++ -Cpp_exceptions off -RTTI off -interworking -w off -sym on -gccinc -nolink -msgstyle gcc -str pool,reuse -i include -lang=c++ -d usa -MD -c src\Grotto\Main\DetailedTreasureMapData.cpp -o build\usa\src\Grotto\Main
[125/326] ".\tools\mwccarm\2.0\sp2p2\mwccarm.exe" -O2 -enum int -char signed -str noreuse -proc arm946e -gccext,on -fp soft -inline noauto -lang=c++ -Cpp_exceptions off -RTTI off -interworking -w off -sym on -gccinc -nolink -msgstyle gcc -str pool,reuse -i include -lang=c++ -d usa -MD -c src\Resource\Script.cpp -o build\usa\src\Resource
[126/326] ".\tools\mwccarm\2.0\sp2p2\mwccarm.exe" -O2 -enum int -char signed -str noreuse -proc arm946e -gccext,on -fp soft -inline noauto -lang=c++ -Cpp_exceptions off -RTTI off -interworking -w off -sym on -gccinc -nolink -msgstyle gcc -str pool,reuse -i include -lang=c++ -d usa -MD -c src\System\ActiveAlarmState.cpp -o build\usa\src\System
[127/326] ".\tools\mwccarm\2.0\sp2p2\mwccarm.exe" -O2 -enum int -char signed -str noreuse -proc arm946e -gccext,on -fp soft -inline noauto -lang=c++ -Cpp_exceptions off -RTTI off -interworking -w off -sym on -gccinc -nolink -msgstyle gcc -str pool,reuse -i include -lang=c++ -d usa -MD -c src\System\BGBases.cpp -o build\usa\src\System
[128/326] ".\tools\mwccarm\2.0\sp2p2\mwccarm.exe" -O2 -enum int -char signed -str noreuse -proc arm946e -gccext,on -fp soft -inline noauto -lang=c++ -Cpp_exceptions off -RTTI off -interworking -w off -sym on -gccinc -nolink -msgstyle gcc -str pool,reuse -i include -lang=c++ -d usa -MD -c src\System\Cache.cpp -o build\usa\src\System
[129/326] ".\tools\mwccarm\2.0\sp2p2\mwccarm.exe" -O2 -enum int -char signed -str noreuse -proc arm946e -gccext,on -fp soft -inline noauto -lang=c++ -Cpp_exceptions off -RTTI off -interworking -w off -sym on -gccinc -nolink -msgstyle gcc -str pool,reuse -i include -lang=c++ -d usa -MD -c src\System\ColorEffects.cpp -o build\usa\src\System
[130/326] ".\tools\mwccarm\2.0\sp2p2\mwccarm.exe" -O2 -enum int -char signed -str noreuse -proc arm946e -gccext,on -fp soft -inline noauto -lang=c++ -Cpp_exceptions off -RTTI off -interworking -w off -sym on -gccinc -nolink -msgstyle gcc -str pool,reuse -i include -lang=c++ -d usa -MD -c src\System\ConsoleType.cpp -o build\usa\src\System
[131/326] ".\tools\mwccarm\2.0\sp2p2\mwccarm.exe" -O2 -enum int -char signed -str noreuse -proc arm946e -gccext,on -fp soft -inline noauto -lang=c++ -Cpp_exceptions off -RTTI off -interworking -w off -sym on -gccinc -nolink -msgstyle gcc -str pool,reuse -i include -lang=c++ -d usa -MD -c src\System\ContextBlocking.cpp -o build\usa\src\System
[132/326] ".\tools\mwccarm\2.0\sp2p2\mwccarm.exe" -O2 -enum int -char signed -str noreuse -proc arm946e -gccext,on -fp soft -inline noauto -lang=c++ -Cpp_exceptions off -RTTI off -interworking -w off -sym on -gccinc -nolink -msgstyle gcc -str pool,reuse -i include -lang=c++ -d usa -MD -c src\System\ContextLifecycle.cpp -o build\usa\src\System
[133/326] ".\tools\mwccarm\2.0\sp2p2\mwccarm.exe" -O2 -enum int -char signed -str noreuse -proc arm946e -gccext,on -fp soft -inline noauto -lang=c++ -Cpp_exceptions off -RTTI off -interworking -w off -sym on -gccinc -nolink -msgstyle gcc -str pool,reuse -i include -lang=c++ -d usa -MD -c src\System\ContextList.cpp -o build\usa\src\System
[134/326] ".\tools\mwccarm\2.0\sp2p2\mwccarm.exe" -O2 -enum int -char signed -str noreuse -proc arm946e -gccext,on -fp soft -inline noauto -lang=c++ -Cpp_exceptions off -RTTI off -interworking -w off -sym on -gccinc -nolink -msgstyle gcc -str pool,reuse -i include -lang=c++ -d usa -MD -c src\System\ContextPriority.cpp -o build\usa\src\System
[135/326] ".\tools\mwccarm\2.0\sp2p2\mwccarm.exe" -O2 -enum int -char signed -str noreuse -proc arm946e -gccext,on -fp soft -inline noauto -lang=c++ -Cpp_exceptions off -RTTI off -interworking -w off -sym on -gccinc -nolink -msgstyle gcc -str pool,reuse -i include -lang=c++ -d usa -MD -c src\System\ContextSleep.cpp -o build\usa\src\System
[136/326] ".\tools\mwccarm\2.0\sp2p2\mwccarm.exe" -O2 -enum int -char signed -str noreuse -proc arm946e -gccext,on -fp soft -inline noauto -lang=c++ -Cpp_exceptions off -RTTI off -interworking -w off -sym on -gccinc -nolink -msgstyle gcc -str pool,reuse -i include -lang=c++ -d usa -MD -c src\System\ContextStackBoundary.cpp -o build\usa\src\System
[137/326] ".\tools\mwccarm\2.0\sp2p2\mwccarm.exe" -O2 -enum int -char signed -str noreuse -proc arm946e -gccext,on -fp soft -inline noauto -lang=c++ -Cpp_exceptions off -RTTI off -interworking -w off -sym on -gccinc -nolink -msgstyle gcc -str pool,reuse -i include -lang=c++ -d usa -MD -c src\System\ContextSwitchLocks.cpp -o build\usa\src\System
[138/326] ".\tools\mwccarm\2.0\sp2p2\mwccarm.exe" -O2 -enum int -char signed -str noreuse -proc arm946e -gccext,on -fp soft -inline noauto -lang=c++ -Cpp_exceptions off -RTTI off -interworking -w off -sym on -gccinc -nolink -msgstyle gcc -str pool,reuse -i include -lang=c++ -d usa -MD -c src\System\CPSRInterruptState.cpp -o build\usa\src\System
[139/326] ".\tools\mwccarm\2.0\sp2p2\mwccarm.exe" -O2 -enum int -char signed -str noreuse -proc arm946e -gccext,on -fp soft -inline noauto -lang=c++ -Cpp_exceptions off -RTTI off -interworking -w off -sym on -gccinc -nolink -msgstyle gcc -str pool,reuse -i include -lang=c++ -d usa -MD -c src\System\DMA.cpp -o build\usa\src\System
[140/326] ".\tools\mwccarm\2.0\sp2p2\mwccarm.exe" -O2 -enum int -char signed -str noreuse -proc arm946e -gccext,on -fp soft -inline noauto -lang=c++ -Cpp_exceptions off -RTTI off -interworking -w off -sym on -gccinc -nolink -msgstyle gcc -str pool,reuse -i include -lang=c++ -d usa -MD -c src\System\FixedPointAtan2.cpp -o build\usa\src\System
[141/326] ".\tools\mwccarm\2.0\sp2p2\mwccarm.exe" -O2 -enum int -char signed -str noreuse -proc arm946e -gccext,on -fp soft -inline noauto -lang=c++ -Cpp_exceptions off -RTTI off -interworking -w off -sym on -gccinc -nolink -msgstyle gcc -str pool,reuse -i include -lang=c++ -d usa -MD -c src\System\FixedPointAtanTables.cpp -o build\usa\src\System
[142/326] ".\tools\mwccarm\2.0\sp2p2\mwccarm.exe" -O2 -enum int -char signed -str noreuse -proc arm946e -gccext,on -fp soft -inline noauto -lang=c++ -Cpp_exceptions off -RTTI off -interworking -w off -sym on -gccinc -nolink -msgstyle gcc -str pool,reuse -i include -lang=c++ -d usa -MD -c src\System\FixedPointMath.cpp -o build\usa\src\System
[143/326] ".\tools\mwccarm\2.0\sp2p2\mwccarm.exe" -O2 -enum int -char signed -str noreuse -proc arm946e -gccext,on -fp soft -inline noauto -lang=c++ -Cpp_exceptions off -RTTI off -interworking -w off -sym on -gccinc -nolink -msgstyle gcc -str pool,reuse -i include -lang=c++ -d usa -MD -c src\System\GamecardBusOwnership.cpp -o build\usa\src\System
[144/326] ".\tools\mwccarm\2.0\sp2p2\mwccarm.exe" -O2 -enum int -char signed -str noreuse -proc arm946e -gccext,on -fp soft -inline noauto -lang=c++ -Cpp_exceptions off -RTTI off -interworking -w off -sym on -gccinc -nolink -msgstyle gcc -str pool,reuse -i include -lang=c++ -d usa -MD -c src\System\InterruptCallbacks.cpp -o build\usa\src\System
[145/326] ".\tools\mwccarm\2.0\sp2p2\mwccarm.exe" -O2 -enum int -char signed -str noreuse -proc arm946e -gccext,on -fp soft -inline noauto -lang=c++ -Cpp_exceptions off -RTTI off -interworking -w off -sym on -gccinc -nolink -msgstyle gcc -str pool,reuse -i include -lang=c++ -d usa -MD -c src\System\InterruptDispatchWrappers.cpp -o build\usa\src\System
[146/326] ".\tools\mwccarm\2.0\sp2p2\mwccarm.exe" -O2 -enum int -char signed -str noreuse -proc arm946e -gccext,on -fp soft -inline noauto -lang=c++ -Cpp_exceptions off -RTTI off -interworking -w off -sym on -gccinc -nolink -msgstyle gcc -str pool,reuse -i include -lang=c++ -d usa -MD -c src\System\InterruptEnableDisable.cpp -o build\usa\src\System
[147/326] ".\tools\mwccarm\2.0\sp2p2\mwccarm.exe" -O2 -enum int -char signed -str noreuse -proc arm946e -gccext,on -fp soft -inline noauto -lang=c++ -Cpp_exceptions off -RTTI off -interworking -w off -sym on -gccinc -nolink -msgstyle gcc -str pool,reuse -i include -lang=c++ -d usa -MD -c src\System\InterruptHandler.cpp -o build\usa\src\System
[148/326] ".\tools\mwccarm\2.0\sp2p2\mwccarm.exe" -O2 -enum int -char signed -str noreuse -proc arm946e -gccext,on -fp soft -inline noauto -lang=c++ -Cpp_exceptions off -RTTI off -interworking -w off -sym on -gccinc -nolink -msgstyle gcc -str pool,reuse -i include -lang=c++ -d usa -MD -c src\System\InterruptResponseState.cpp -o build\usa\src\System
[149/326] ".\tools\mwccarm\2.0\sp2p2\mwccarm.exe" -O2 -enum int -char signed -str noreuse -proc arm946e -gccext,on -fp soft -inline noauto -lang=c++ -Cpp_exceptions off -RTTI off -interworking -w off -sym on -gccinc -nolink -msgstyle gcc -str pool,reuse -i include -lang=c++ -d usa -MD -c src\System\IPC.cpp -o build\usa\src\System
[150/326] ".\tools\mwccarm\2.0\sp2p2\mwccarm.exe" -O2 -enum int -char signed -str noreuse -proc arm946e -gccext,on -fp soft -inline noauto -lang=c++ -Cpp_exceptions off -RTTI off -interworking -w off -sym on -gccinc -nolink -msgstyle gcc -str pool,reuse -i include -lang=c++ -d usa -MD -c src\System\LoadToVRAM.cpp -o build\usa\src\System
[151/326] ".\tools\mwccarm\2.0\sp2p2\mwccarm.exe" -O2 -enum int -char signed -str noreuse -proc arm946e -gccext,on -fp soft -inline noauto -lang=c++ -Cpp_exceptions off -RTTI off -interworking -w off -sym on -gccinc -nolink -msgstyle gcc -str pool,reuse -i include -lang=c++ -d usa -MD -c src\System\Matrix3Scale.cpp -o build\usa\src\System
[152/326] ".\tools\mwccarm\2.0\sp2p2\mwccarm.exe" -O2 -enum int -char signed -str noreuse -proc arm946e -gccext,on -fp soft -inline noauto -lang=c++ -Cpp_exceptions off -RTTI off -interworking -w off -sym on -gccinc -nolink -msgstyle gcc -str pool,reuse -i include -lang=c++ -d usa -MD -c src\System\Matrix3Transform.cpp -o build\usa\src\System
[153/326] ".\tools\mwccarm\2.0\sp2p2\mwccarm.exe" -O2 -enum int -char signed -str noreuse -proc arm946e -gccext,on -fp soft -inline noauto -lang=c++ -Cpp_exceptions off -RTTI off -interworking -w off -sym on -gccinc -nolink -msgstyle gcc -str pool,reuse -i include -lang=c++ -d usa -MD -c src\System\Matrix4Scale.cpp -o build\usa\src\System
[154/326] ".\tools\mwccarm\2.0\sp2p2\mwccarm.exe" -O2 -enum int -char signed -str noreuse -proc arm946e -gccext,on -fp soft -inline noauto -lang=c++ -Cpp_exceptions off -RTTI off -interworking -w off -sym on -gccinc -nolink -msgstyle gcc -str pool,reuse -i include -lang=c++ -d usa -MD -c src\System\Matrix4Transform.cpp -o build\usa\src\System
[155/326] ".\tools\mwccarm\2.0\sp2p2\mwccarm.exe" -O2 -enum int -char signed -str noreuse -proc arm946e -gccext,on -fp soft -inline noauto -lang=c++ -Cpp_exceptions off -RTTI off -interworking -w off -sym on -gccinc -nolink -msgstyle gcc -str pool,reuse -i include -lang=c++ -d usa -MD -c src\System\Matrix4Translation.cpp -o build\usa\src\System
[156/326] ".\tools\mwccarm\2.0\sp2p2\mwccarm.exe" -O2 -enum int -char signed -str noreuse -proc arm946e -gccext,on -fp soft -inline noauto -lang=c++ -Cpp_exceptions off -RTTI off -interworking -w off -sym on -gccinc -nolink -msgstyle gcc -str pool,reuse -i include -lang=c++ -d usa -MD -c src\System\MatrixOrthographic.cpp -o build\usa\src\System
[157/326] ".\tools\mwccarm\2.0\sp2p2\mwccarm.exe" -O2 -enum int -char signed -str noreuse -proc arm946e -gccext,on -fp soft -inline noauto -lang=c++ -Cpp_exceptions off -RTTI off -interworking -w off -sym on -gccinc -nolink -msgstyle gcc -str pool,reuse -i include -lang=c++ -d usa -MD -c src\System\MatrixPerspective.cpp -o build\usa\src\System
[158/326] ".\tools\mwccarm\2.0\sp2p2\mwccarm.exe" -O2 -enum int -char signed -str noreuse -proc arm946e -gccext,on -fp soft -inline noauto -lang=c++ -Cpp_exceptions off -RTTI off -interworking -w off -sym on -gccinc -nolink -msgstyle gcc -str pool,reuse -i include -lang=c++ -d usa -MD -c src\System\MatrixView.cpp -o build\usa\src\System
[159/326] ".\tools\mwccarm\2.0\sp2p2\mwccarm.exe" -O2 -enum int -char signed -str noreuse -proc arm946e -gccext,on -fp soft -inline noauto -lang=c++ -Cpp_exceptions off -RTTI off -interworking -w off -sym on -gccinc -nolink -msgstyle gcc -str pool,reuse -i include -lang=c++ -d usa -MD -c src\System\Mutex.cpp -o build\usa\src\System
[160/326] ".\tools\mwccarm\2.0\sp2p2\mwccarm.exe" -O2 -enum int -char signed -str noreuse -proc arm946e -gccext,on -fp soft -inline noauto -lang=c++ -Cpp_exceptions off -RTTI off -interworking -w off -sym on -gccinc -nolink -msgstyle gcc -str pool,reuse -i include -lang=c++ -d usa -MD -c src\System\ProcessorContext.cpp -o build\usa\src\System
[161/326] ".\tools\mwccarm\2.0\sp2p2\mwccarm.exe" -O2 -enum int -char signed -str noreuse -proc arm946e -gccext,on -fp soft -inline noauto -lang=c++ -Cpp_exceptions off -RTTI off -interworking -w off -sym on -gccinc -nolink -msgstyle gcc -str pool,reuse -i include -lang=c++ -d usa -MD -c src\System\RuntimeAbs.cpp -o build\usa\src\System
[162/326] ".\tools\mwccarm\2.0\sp2p2\mwccarm.exe" -O2 -enum int -char signed -str noreuse -proc arm946e -gccext,on -fp soft -inline noauto -lang=c++ -Cpp_exceptions off -RTTI off -interworking -w off -sym on -gccinc -nolink -msgstyle gcc -str pool,reuse -i include -lang=c++ -d usa -MD -c src\System\RuntimeArctangent.cpp -o build\usa\src\System
[163/326] ".\tools\mwccarm\2.0\sp2p2\mwccarm.exe" -O2 -enum int -char signed -str noreuse -proc arm946e -gccext,on -fp soft -inline noauto -lang=c++ -Cpp_exceptions off -RTTI off -interworking -w off -sym on -gccinc -nolink -msgstyle gcc -str pool,reuse -i include -lang=c++ -d usa -MD -c src\System\RuntimeArctangentCoefficients.cpp -o build\usa\src\System
[164/326] ".\tools\mwccarm\2.0\sp2p2\mwccarm.exe" -O2 -enum int -char signed -str noreuse -proc arm946e -gccext,on -fp soft -inline noauto -lang=c++ -Cpp_exceptions off -RTTI off -interworking -w off -sym on -gccinc -nolink -msgstyle gcc -str pool,reuse -i include -lang=c++ -d usa -MD -c src\System\RuntimeBitCount.cpp -o build\usa\src\System
[165/326] ".\tools\mwccarm\2.0\sp2p2\mwccarm.exe" -O2 -enum int -char signed -str noreuse -proc arm946e -gccext,on -fp soft -inline noauto -lang=c++ -Cpp_exceptions off -RTTI off -interworking -w off -sym on -gccinc -nolink -msgstyle gcc -str pool,reuse -i include -lang=c++ -d usa -MD -c src\System\RuntimeCharacterConversion.cpp -o build\usa\src\System
[166/326] ".\tools\mwccarm\2.0\sp2p2\mwccarm.exe" -O2 -enum int -char signed -str noreuse -proc arm946e -gccext,on -fp soft -inline noauto -lang=c++ -Cpp_exceptions off -RTTI off -interworking -w off -sym on -gccinc -nolink -msgstyle gcc -str pool,reuse -i include -lang=c++ -d usa -MD -c src\System\RuntimeConsoleBuffers.cpp -o build\usa\src\System
[167/326] ".\tools\mwccarm\2.0\sp2p2\mwccarm.exe" -O2 -enum int -char signed -str noreuse -proc arm946e -gccext,on -fp soft -inline noauto -lang=c++ -Cpp_exceptions off -RTTI off -interworking -w off -sym on -gccinc -nolink -msgstyle gcc -str pool,reuse -i include -lang=c++ -d usa -MD -c src\System\RuntimeConsoleCallbacks.cpp -o build\usa\src\System
[168/326] ".\tools\mwccarm\2.0\sp2p2\mwccarm.exe" -O2 -enum int -char signed -str noreuse -proc arm946e -gccext,on -fp soft -inline noauto -lang=c++ -Cpp_exceptions off -RTTI off -interworking -w off -sym on -gccinc -nolink -msgstyle gcc -str pool,reuse -i include -lang=c++ -d usa -MD -c src\System\RuntimeCopySign.cpp -o build\usa\src\System
[169/326] ".\tools\mwccarm\2.0\sp2p2\mwccarm.exe" -O2 -enum int -char signed -str noreuse -proc arm946e -gccext,on -fp soft -inline noauto -lang=c++ -Cpp_exceptions off -RTTI off -interworking -w off -sym on -gccinc -nolink -msgstyle gcc -str pool,reuse -i include -lang=c++ -d usa -MD -c src\System\RuntimeCosine.cpp -o build\usa\src\System
[170/326] ".\tools\mwccarm\2.0\sp2p2\mwccarm.exe" -O2 -enum int -char signed -str noreuse -proc arm946e -gccext,on -fp soft -inline noauto -lang=c++ -Cpp_exceptions off -RTTI off -interworking -w off -sym on -gccinc -nolink -msgstyle gcc -str pool,reuse -i include -lang=c++ -d usa -MD -c src\System\RuntimeCosineKernel.cpp -o build\usa\src\System
[171/326] ".\tools\mwccarm\2.0\sp2p2\mwccarm.exe" -O2 -enum int -char signed -str noreuse -proc arm946e -gccext,on -fp soft -inline noauto -lang=c++ -Cpp_exceptions off -RTTI off -interworking -w off -sym on -gccinc -nolink -msgstyle gcc -str pool,reuse -i include -lang=c++ -d usa -MD -c src\System\RuntimeDecimalCompare.cpp -o build\usa\src\System
[172/326] ".\tools\mwccarm\2.0\sp2p2\mwccarm.exe" -O2 -enum int -char signed -str noreuse -proc arm946e -gccext,on -fp soft -inline noauto -lang=c++ -Cpp_exceptions off -RTTI off -interworking -w off -sym on -gccinc -nolink -msgstyle gcc -str pool,reuse -i include -lang=c++ -d usa -MD -c src\System\RuntimeDecimalDouble.cpp -o build\usa\src\System
[173/326] ".\tools\mwccarm\2.0\sp2p2\mwccarm.exe" -O2 -enum int -char signed -str noreuse -proc arm946e -gccext,on -fp soft -inline noauto -lang=c++ -Cpp_exceptions off -RTTI off -interworking -w off -sym on -gccinc -nolink -msgstyle gcc -str pool,reuse -i include -lang=c++ -d usa -MD -c src\System\RuntimeDecimalFormat.cpp -o build\usa\src\System
[174/326] ".\tools\mwccarm\2.0\sp2p2\mwccarm.exe" -O2 -enum int -char signed -str noreuse -proc arm946e -gccext,on -fp soft -inline noauto -lang=c++ -Cpp_exceptions off -RTTI off -interworking -w off -sym on -gccinc -nolink -msgstyle gcc -str pool,reuse -i include -lang=c++ -d usa -MD -c src\System\RuntimeDecimalFromDouble.cpp -o build\usa\src\System
[175/326] ".\tools\mwccarm\2.0\sp2p2\mwccarm.exe" -O2 -enum int -char signed -str noreuse -proc arm946e -gccext,on -fp soft -inline noauto -lang=c++ -Cpp_exceptions off -RTTI off -interworking -w off -sym on -gccinc -nolink -msgstyle gcc -str pool,reuse -i include -lang=c++ -d usa -MD -c src\System\RuntimeDecimalFromInteger.cpp -o build\usa\src\System
[176/326] ".\tools\mwccarm\2.0\sp2p2\mwccarm.exe" -O2 -enum int -char signed -str noreuse -proc arm946e -gccext,on -fp soft -inline noauto -lang=c++ -Cpp_exceptions off -RTTI off -interworking -w off -sym on -gccinc -nolink -msgstyle gcc -str pool,reuse -i include -lang=c++ -d usa -MD -c src\System\RuntimeDecimalFromText.cpp -o build\usa\src\System
[177/326] ".\tools\mwccarm\2.0\sp2p2\mwccarm.exe" -O2 -enum int -char signed -str noreuse -proc arm946e -gccext,on -fp soft -inline noauto -lang=c++ -Cpp_exceptions off -RTTI off -interworking -w off -sym on -gccinc -nolink -msgstyle gcc -str pool,reuse -i include -lang=c++ -d usa -MD -c src\System\RuntimeDecimalMagnitude.cpp -o build\usa\src\System
[178/326] ".\tools\mwccarm\2.0\sp2p2\mwccarm.exe" -O2 -enum int -char signed -str noreuse -proc arm946e -gccext,on -fp soft -inline noauto -lang=c++ -Cpp_exceptions off -RTTI off -interworking -w off -sym on -gccinc -nolink -msgstyle gcc -str pool,reuse -i include -lang=c++ -d usa -MD -c src\System\RuntimeDecimalPowerOfTwo.cpp -o build\usa\src\System
[179/326] ".\tools\mwccarm\2.0\sp2p2\mwccarm.exe" -O2 -enum int -char signed -str noreuse -proc arm946e -gccext,on -fp soft -inline noauto -lang=c++ -Cpp_exceptions off -RTTI off -interworking -w off -sym on -gccinc -nolink -msgstyle gcc -str pool,reuse -i include -lang=c++ -d usa -MD -c src\System\RuntimeDecimalPowers.cpp -o build\usa\src\System
[180/326] ".\tools\mwccarm\2.0\sp2p2\mwccarm.exe" -O2 -enum int -char signed -str noreuse -proc arm946e -gccext,on -fp soft -inline noauto -lang=c++ -Cpp_exceptions off -RTTI off -interworking -w off -sym on -gccinc -nolink -msgstyle gcc -str pool,reuse -i include -lang=c++ -d usa -MD -c src\System\RuntimeDecimalRound.cpp -o build\usa\src\System
[181/326] ".\tools\mwccarm\2.0\sp2p2\mwccarm.exe" -O2 -enum int -char signed -str noreuse -proc arm946e -gccext,on -fp soft -inline noauto -lang=c++ -Cpp_exceptions off -RTTI off -interworking -w off -sym on -gccinc -nolink -msgstyle gcc -str pool,reuse -i include -lang=c++ -d usa -MD -c src\System\RuntimeDestructors.cpp -o build\usa\src\System
[182/326] ".\tools\mwccarm\2.0\sp2p2\mwccarm.exe" -O2 -enum int -char signed -str noreuse -proc arm946e -gccext,on -fp soft -inline noauto -lang=c++ -Cpp_exceptions off -RTTI off -interworking -w off -sym on -gccinc -nolink -msgstyle gcc -str pool,reuse -i include -lang=c++ -d usa -MD -c src\System\RuntimeDestructorState.cpp -o build\usa\src\System
[183/326] ".\tools\mwccarm\2.0\sp2p2\mwccarm.exe" -O2 -enum int -char signed -str noreuse -proc arm946e -gccext,on -fp soft -inline noauto -lang=c++ -Cpp_exceptions off -RTTI off -interworking -w off -sym on -gccinc -nolink -msgstyle gcc -str pool,reuse -i include -lang=c++ -d usa -MD -c src\System\RuntimeDoubleInfinity.cpp -o build\usa\src\System
[184/326] ".\tools\mwccarm\2.0\sp2p2\mwccarm.exe" -O2 -enum int -char signed -str noreuse -proc arm946e -gccext,on -fp soft -inline noauto -lang=c++ -Cpp_exceptions off -RTTI off -interworking -w off -sym on -gccinc -nolink -msgstyle gcc -str pool,reuse -i include -lang=c++ -d usa -MD -c src\System\RuntimeExceptionCleanup.cpp -o build\usa\src\System
[185/326] ".\tools\mwccarm\2.0\sp2p2\mwccarm.exe" -O2 -enum int -char signed -str noreuse -proc arm946e -gccext,on -fp soft -inline noauto -lang=c++ -Cpp_exceptions off -RTTI off -interworking -w off -sym on -gccinc -nolink -msgstyle gcc -str pool,reuse -i include -lang=c++ -d usa -MD -c src\System\RuntimeExceptionHandler.cpp -o build\usa\src\System
[186/326] ".\tools\mwccarm\2.0\sp2p2\mwccarm.exe" -O2 -enum int -char signed -str noreuse -proc arm946e -gccext,on -fp soft -inline noauto -lang=c++ -Cpp_exceptions off -RTTI off -interworking -w off -sym on -gccinc -nolink -msgstyle gcc -str pool,reuse -i include -lang=c++ -d usa -MD -c src\System\RuntimeExceptionRecord.cpp -o build\usa\src\System
[187/326] ".\tools\mwccarm\2.0\sp2p2\mwccarm.exe" -O2 -enum int -char signed -str noreuse -proc arm946e -gccext,on -fp soft -inline noauto -lang=c++ -Cpp_exceptions off -RTTI off -interworking -w off -sym on -gccinc -nolink -msgstyle gcc -str pool,reuse -i include -lang=c++ -d usa -MD -c src\System\RuntimeExit.cpp -o build\usa\src\System
[188/326] ".\tools\mwccarm\2.0\sp2p2\mwccarm.exe" -O2 -enum int -char signed -str noreuse -proc arm946e -gccext,on -fp soft -inline noauto -lang=c++ -Cpp_exceptions off -RTTI off -interworking -w off -sym on -gccinc -nolink -msgstyle gcc -str pool,reuse -i include -lang=c++ -d usa -MD -c src\System\RuntimeExitState.cpp -o build\usa\src\System
[189/326] ".\tools\mwccarm\2.0\sp2p2\mwccarm.exe" -O2 -enum int -char signed -str noreuse -proc arm946e -gccext,on -fp soft -inline noauto -lang=c++ -Cpp_exceptions off -RTTI off -interworking -w off -sym on -gccinc -nolink -msgstyle gcc -str pool,reuse -i include -lang=c++ -d usa -MD -c src\System\RuntimeFloatAbs.cpp -o build\usa\src\System
[190/326] ".\tools\mwccarm\2.0\sp2p2\mwccarm.exe" -O2 -enum int -char signed -str noreuse -proc arm946e -gccext,on -fp soft -inline noauto -lang=c++ -Cpp_exceptions off -RTTI off -interworking -w off -sym on -gccinc -nolink -msgstyle gcc -str pool,reuse -i include -lang=c++ -d usa -MD -c src\System\RuntimeFloatClass.cpp -o build\usa\src\System
[191/326] ".\tools\mwccarm\2.0\sp2p2\mwccarm.exe" -O2 -enum int -char signed -str noreuse -proc arm946e -gccext,on -fp soft -inline noauto -lang=c++ -Cpp_exceptions off -RTTI off -interworking -w off -sym on -gccinc -nolink -msgstyle gcc -str pool,reuse -i include -lang=c++ -d usa -MD -c src\System\RuntimeFloatInfinity.cpp -o build\usa\src\System
[192/326] ".\tools\mwccarm\2.0\sp2p2\mwccarm.exe" -O2 -enum int -char signed -str noreuse -proc arm946e -gccext,on -fp soft -inline noauto -lang=c++ -Cpp_exceptions off -RTTI off -interworking -w off -sym on -gccinc -nolink -msgstyle gcc -str pool,reuse -i include -lang=c++ -d usa -MD -c src\System\RuntimeFloatNaN.cpp -o build\usa\src\System
[193/326] ".\tools\mwccarm\2.0\sp2p2\mwccarm.exe" -O2 -enum int -char signed -str noreuse -proc arm946e -gccext,on -fp soft -inline noauto -lang=c++ -Cpp_exceptions off -RTTI off -interworking -w off -sym on -gccinc -nolink -msgstyle gcc -str pool,reuse -i include -lang=c++ -d usa -MD -c src\System\RuntimeFloor.cpp -o build\usa\src\System
[194/326] ".\tools\mwccarm\2.0\sp2p2\mwccarm.exe" -O2 -enum int -char signed -str noreuse -proc arm946e -gccext,on -fp soft -inline noauto -lang=c++ -Cpp_exceptions off -RTTI off -interworking -w off -sym on -gccinc -nolink -msgstyle gcc -str pool,reuse -i include -lang=c++ -d usa -MD -c src\System\RuntimeFreeDefault.cpp -o build\usa\src\System
[195/326] ".\tools\mwccarm\2.0\sp2p2\mwccarm.exe" -O2 -enum int -char signed -str noreuse -proc arm946e -gccext,on -fp soft -inline noauto -lang=c++ -Cpp_exceptions off -RTTI off -interworking -w off -sym on -gccinc -nolink -msgstyle gcc -str pool,reuse -i include -lang=c++ -d usa -MD -c src\System\RuntimeFrexp.cpp -o build\usa\src\System
[196/326] ".\tools\mwccarm\2.0\sp2p2\mwccarm.exe" -O2 -enum int -char signed -str noreuse -proc arm946e -gccext,on -fp soft -inline noauto -lang=c++ -Cpp_exceptions off -RTTI off -interworking -w off -sym on -gccinc -nolink -msgstyle gcc -str pool,reuse -i include -lang=c++ -d usa -MD -c src\System\RuntimeInitialization.cpp -o build\usa\src\System
[197/326] ".\tools\mwccarm\2.0\sp2p2\mwccarm.exe" -O2 -enum int -char signed -str noreuse -proc arm946e -gccext,on -fp soft -inline noauto -lang=c++ -Cpp_exceptions off -RTTI off -interworking -w off -sym on -gccinc -nolink -msgstyle gcc -str pool,reuse -i include -lang=c++ -d usa -MD -c src\System\RuntimeLdexp.cpp -o build\usa\src\System
[198/326] ".\tools\mwccarm\2.0\sp2p2\mwccarm.exe" -O2 -enum int -char signed -str noreuse -proc arm946e -gccext,on -fp soft -inline noauto -lang=c++ -Cpp_exceptions off -RTTI off -interworking -w off -sym on -gccinc -nolink -msgstyle gcc -str pool,reuse -i include -lang=c++ -d usa -MD -c src\System\RuntimeLockBookkeeping.cpp -o build\usa\src\System
[199/326] ".\tools\mwccarm\2.0\sp2p2\mwccarm.exe" -O2 -enum int -char signed -str noreuse -proc arm946e -gccext,on -fp soft -inline noauto -lang=c++ -Cpp_exceptions off -RTTI off -interworking -w off -sym on -gccinc -nolink -msgstyle gcc -str pool,reuse -i include -lang=c++ -d usa -MD -c src\System\RuntimeMemory.cpp -o build\usa\src\System
[200/326] ".\tools\mwccarm\2.0\sp2p2\mwccarm.exe" -O2 -enum int -char signed -str noreuse -proc arm946e -gccext,on -fp soft -inline noauto -lang=c++ -Cpp_exceptions off -RTTI off -interworking -w off -sym on -gccinc -nolink -msgstyle gcc -str pool,reuse -i include -lang=c++ -d usa -MD -c src\System\RuntimeMemoryFill.cpp -o build\usa\src\System
[201/326] ".\tools\mwccarm\2.0\sp2p2\mwccarm.exe" -O2 -enum int -char signed -str noreuse -proc arm946e -gccext,on -fp soft -inline noauto -lang=c++ -Cpp_exceptions off -RTTI off -interworking -w off -sym on -gccinc -nolink -msgstyle gcc -str pool,reuse -i include -lang=c++ -d usa -MD -c src\System\RuntimeRandom.cpp -o build\usa\src\System
[202/326] ".\tools\mwccarm\2.0\sp2p2\mwccarm.exe" -O2 -enum int -char signed -str noreuse -proc arm946e -gccext,on -fp soft -inline noauto -lang=c++ -Cpp_exceptions off -RTTI off -interworking -w off -sym on -gccinc -nolink -msgstyle gcc -str pool,reuse -i include -lang=c++ -d usa -MD -c src\System\RuntimeScaleExponent.cpp -o build\usa\src\System
[203/326] ".\tools\mwccarm\2.0\sp2p2\mwccarm.exe" -O2 -enum int -char signed -str noreuse -proc arm946e -gccext,on -fp soft -inline noauto -lang=c++ -Cpp_exceptions off -RTTI off -interworking -w off -sym on -gccinc -nolink -msgstyle gcc -str pool,reuse -i include -lang=c++ -d usa -MD -c src\System\RuntimeSignal.cpp -o build\usa\src\System
[204/326] ".\tools\mwccarm\2.0\sp2p2\mwccarm.exe" -O2 -enum int -char signed -str noreuse -proc arm946e -gccext,on -fp soft -inline noauto -lang=c++ -Cpp_exceptions off -RTTI off -interworking -w off -sym on -gccinc -nolink -msgstyle gcc -str pool,reuse -i include -lang=c++ -d usa -MD -c src\System\RuntimeSignalState.cpp -o build\usa\src\System
[205/326] ".\tools\mwccarm\2.0\sp2p2\mwccarm.exe" -O2 -enum int -char signed -str noreuse -proc arm946e -gccext,on -fp soft -inline noauto -lang=c++ -Cpp_exceptions off -RTTI off -interworking -w off -sym on -gccinc -nolink -msgstyle gcc -str pool,reuse -i include -lang=c++ -d usa -MD -c src\System\RuntimeSine.cpp -o build\usa\src\System
[206/326] ".\tools\mwccarm\2.0\sp2p2\mwccarm.exe" -O2 -enum int -char signed -str noreuse -proc arm946e -gccext,on -fp soft -inline noauto -lang=c++ -Cpp_exceptions off -RTTI off -interworking -w off -sym on -gccinc -nolink -msgstyle gcc -str pool,reuse -i include -lang=c++ -d usa -MD -c src\System\RuntimeSineKernel.cpp -o build\usa\src\System
[207/326] ".\tools\mwccarm\2.0\sp2p2\mwccarm.exe" -O2 -enum int -char signed -str noreuse -proc arm946e -gccext,on -fp soft -inline noauto -lang=c++ -Cpp_exceptions off -RTTI off -interworking -w off -sym on -gccinc -nolink -msgstyle gcc -str pool,reuse -i include -lang=c++ -d usa -MD -c src\System\RuntimeSprintf.cpp -o build\usa\src\System
[208/326] ".\tools\mwccarm\2.0\sp2p2\mwccarm.exe" -O2 -enum int -char signed -str noreuse -proc arm946e -gccext,on -fp soft -inline noauto -lang=c++ -Cpp_exceptions off -RTTI off -interworking -w off -sym on -gccinc -nolink -msgstyle gcc -str pool,reuse -i include -lang=c++ -d usa -MD -c src\System\RuntimeStreamBuffers.cpp -o build\usa\src\System
[209/326] ".\tools\mwccarm\2.0\sp2p2\mwccarm.exe" -O2 -enum int -char signed -str noreuse -proc arm946e -gccext,on -fp soft -inline noauto -lang=c++ -Cpp_exceptions off -RTTI off -interworking -w off -sym on -gccinc -nolink -msgstyle gcc -str pool,reuse -i include -lang=c++ -d usa -MD -c src\System\RuntimeStreamFlushAll.cpp -o build\usa\src\System
[210/326] ".\tools\mwccarm\2.0\sp2p2\mwccarm.exe" -O2 -enum int -char signed -str noreuse -proc arm946e -gccext,on -fp soft -inline noauto -lang=c++ -Cpp_exceptions off -RTTI off -interworking -w off -sym on -gccinc -nolink -msgstyle gcc -str pool,reuse -i include -lang=c++ -d usa -MD -c src\System\RuntimeStringInput.cpp -o build\usa\src\System
[211/326] ".\tools\mwccarm\2.0\sp2p2\mwccarm.exe" -O2 -enum int -char signed -str noreuse -proc arm946e -gccext,on -fp soft -inline noauto -lang=c++ -Cpp_exceptions off -RTTI off -interworking -w off -sym on -gccinc -nolink -msgstyle gcc -str pool,reuse -i include -lang=c++ -d usa -MD -c src\System\RuntimeStringOutput.cpp -o build\usa\src\System
[212/326] ".\tools\mwccarm\2.0\sp2p2\mwccarm.exe" -O2 -enum int -char signed -str noreuse -proc arm946e -gccext,on -fp soft -inline noauto -lang=c++ -Cpp_exceptions off -RTTI off -interworking -w off -sym on -gccinc -nolink -msgstyle gcc -str pool,reuse -i include -lang=c++ -d usa -MD -c src\System\RuntimeTerminationHook.cpp -o build\usa\src\System
[213/326] ".\tools\mwccarm\2.0\sp2p2\mwccarm.exe" -O2 -enum int -char signed -str noreuse -proc arm946e -gccext,on -fp soft -inline noauto -lang=c++ -Cpp_exceptions off -RTTI off -interworking -w off -sym on -gccinc -nolink -msgstyle gcc -str pool,reuse -i include -lang=c++ -d usa -MD -c src\System\RuntimeTextConversion.cpp -o build\usa\src\System
[214/326] ".\tools\mwccarm\2.0\sp2p2\mwccarm.exe" -O2 -enum int -char signed -str noreuse -proc arm946e -gccext,on -fp soft -inline noauto -lang=c++ -Cpp_exceptions off -RTTI off -interworking -w off -sym on -gccinc -nolink -msgstyle gcc -str pool,reuse -i include -lang=c++ -d usa -MD -c src\System\RuntimeUnwindHeader.cpp -o build\usa\src\System
[215/326] ".\tools\mwccarm\2.0\sp2p2\mwccarm.exe" -O2 -enum int -char signed -str noreuse -proc arm946e -gccext,on -fp soft -inline noauto -lang=c++ -Cpp_exceptions off -RTTI off -interworking -w off -sym on -gccinc -nolink -msgstyle gcc -str pool,reuse -i include -lang=c++ -d usa -MD -c src\System\RuntimeUnwindLookup.cpp -o build\usa\src\System
[216/326] ".\tools\mwccarm\2.0\sp2p2\mwccarm.exe" -O2 -enum int -char signed -str noreuse -proc arm946e -gccext,on -fp soft -inline noauto -lang=c++ -Cpp_exceptions off -RTTI off -interworking -w off -sym on -gccinc -nolink -msgstyle gcc -str pool,reuse -i include -lang=c++ -d usa -MD -c src\System\RuntimeValueHooks.cpp -o build\usa\src\System
[217/326] ".\tools\mwccarm\2.0\sp2p2\mwccarm.exe" -O2 -enum int -char signed -str noreuse -proc arm946e -gccext,on -fp soft -inline noauto -lang=c++ -Cpp_exceptions off -RTTI off -interworking -w off -sym on -gccinc -nolink -msgstyle gcc -str pool,reuse -i include -lang=c++ -d usa -MD -c src\System\RuntimeWideConversion.cpp -o build\usa\src\System
[218/326] ".\tools\mwccarm\2.0\sp2p2\mwccarm.exe" -O2 -enum int -char signed -str noreuse -proc arm946e -gccext,on -fp soft -inline noauto -lang=c++ -Cpp_exceptions off -RTTI off -interworking -w off -sym on -gccinc -nolink -msgstyle gcc -str pool,reuse -i include -lang=c++ -d usa -MD -c src\System\SceneOverlays.cpp -o build\usa\src\System
[219/326] ".\tools\mwccarm\2.0\sp2p2\mwccarm.exe" -O2 -enum int -char signed -str noreuse -proc arm946e -gccext,on -fp soft -inline noauto -lang=c++ -Cpp_exceptions off -RTTI off -interworking -w off -sym on -gccinc -nolink -msgstyle gcc -str pool,reuse -i include -lang=c++ -d usa -MD -c src\System\StringCompareAligned.cpp -o build\usa\src\System
[220/326] ".\tools\mwccarm\2.0\sp2p2\mwccarm.exe" -O2 -enum int -char signed -str noreuse -proc arm946e -gccext,on -fp soft -inline noauto -lang=c++ -Cpp_exceptions off -RTTI off -interworking -w off -sym on -gccinc -nolink -msgstyle gcc -str pool,reuse -i include -lang=c++ -d usa -MD -c src\System\StringCopy.cpp -o build\usa\src\System
[221/326] ".\tools\mwccarm\2.0\sp2p2\mwccarm.exe" -O2 -enum int -char signed -str noreuse -proc arm946e -gccext,on -fp soft -inline noauto -lang=c++ -Cpp_exceptions off -RTTI off -interworking -w off -sym on -gccinc -nolink -msgstyle gcc -str pool,reuse -i include -lang=c++ -d usa -MD -c src\System\StringCopyAligned.cpp -o build\usa\src\System
[222/326] ".\tools\mwccarm\2.0\sp2p2\mwccarm.exe" -O2 -enum int -char signed -str noreuse -proc arm946e -gccext,on -fp soft -inline noauto -lang=c++ -Cpp_exceptions off -RTTI off -interworking -w off -sym on -gccinc -nolink -msgstyle gcc -str pool,reuse -i include -lang=c++ -d usa -MD -c src\System\StringLength.cpp -o build\usa\src\System
[223/326] ".\tools\mwccarm\2.0\sp2p2\mwccarm.exe" -O2 -enum int -char signed -str noreuse -proc arm946e -gccext,on -fp soft -inline noauto -lang=c++ -Cpp_exceptions off -RTTI off -interworking -w off -sym on -gccinc -nolink -msgstyle gcc -str pool,reuse -i include -lang=c++ -d usa -MD -c src\System\StringSearch.cpp -o build\usa\src\System
[224/326] ".\tools\mwccarm\2.0\sp2p2\mwccarm.exe" -O2 -enum int -char signed -str noreuse -proc arm946e -gccext,on -fp soft -inline noauto -lang=c++ -Cpp_exceptions off -RTTI off -interworking -w off -sym on -gccinc -nolink -msgstyle gcc -str pool,reuse -i include -lang=c++ -d usa -MD -c src\System\TimerState.cpp -o build\usa\src\System
[225/326] ".\tools\mwccarm\2.0\sp2p2\mwccarm.exe" -O2 -enum int -char signed -str noreuse -proc arm946e -gccext,on -fp soft -inline noauto -lang=c++ -Cpp_exceptions off -RTTI off -interworking -w off -sym on -gccinc -nolink -msgstyle gcc -str pool,reuse -i include -lang=c++ -d usa -MD -c src\System\Timing.cpp -o build\usa\src\System
[226/326] ".\tools\mwccarm\2.0\sp2p2\mwccarm.exe" -O2 -enum int -char signed -str noreuse -proc arm946e -gccext,on -fp soft -inline noauto -lang=c++ -Cpp_exceptions off -RTTI off -interworking -w off -sym on -gccinc -nolink -msgstyle gcc -str pool,reuse -i include -lang=c++ -d usa -MD -c src\System\VectorDistance.cpp -o build\usa\src\System
[227/326] ".\tools\mwccarm\2.0\sp2p2\mwccarm.exe" -O2 -enum int -char signed -str noreuse -proc arm946e -gccext,on -fp soft -inline noauto -lang=c++ -Cpp_exceptions off -RTTI off -interworking -w off -sym on -gccinc -nolink -msgstyle gcc -str pool,reuse -i include -lang=c++ -d usa -MD -c src\System\VectorMath.cpp -o build\usa\src\System
[228/326] ".\tools\mwccarm\2.0\sp2p2\mwccarm.exe" -O2 -enum int -char signed -str noreuse -proc arm946e -gccext,on -fp soft -inline noauto -lang=c++ -Cpp_exceptions off -RTTI off -interworking -w off -sym on -gccinc -nolink -msgstyle gcc -str pool,reuse -i include -lang=c++ -d usa -MD -c src\System\VRAM.cpp -o build\usa\src\System
[229/326] ".\tools\mwccarm\2.0\sp2p2\mwccarm.exe" -O2 -enum int -char signed -str noreuse -proc arm946e -gccext,on -fp soft -inline noauto -lang=c++ -Cpp_exceptions off -RTTI off -interworking -w off -sym on -gccinc -nolink -msgstyle gcc -str pool,reuse -i include -lang=c++ -d usa -MD -c src\System\itcm\DMA_ITCM.cpp -o build\usa\src\System\itcm
[230/326] ".\tools\mwccarm\2.0\sp2p2\mwccarm.exe" -O2 -enum int -char signed -str noreuse -proc arm946e -gccext,on -fp soft -inline noauto -lang=c++ -Cpp_exceptions off -RTTI off -interworking -w off -sym on -gccinc -nolink -msgstyle gcc -str pool,reuse -i include -lang=c++ -d usa -MD -c src\Util\Random.cpp -o build\usa\src\Util
[231/326] ".\tools\mwccarm\2.0\sp2p2\mwccarm.exe" -O2 -enum int -char signed -str noreuse -proc arm946e -gccext,on -fp soft -inline noauto -lang=c++ -Cpp_exceptions off -RTTI off -interworking -w off -sym on -gccinc -nolink -msgstyle gcc -str pool,reuse -i include -lang=c++ -d usa -MD -c src\World\BMDJ.cpp -o build\usa\src\World
[232/326] ".\tools\mwccarm\2.0\sp2p2\mwccarm.exe" -O2 -enum int -char signed -str noreuse -proc arm946e -gccext,on -fp soft -inline noauto -lang=c++ -Cpp_exceptions off -RTTI off -interworking -w off -sym on -gccinc -nolink -msgstyle gcc -str pool,reuse -i include -lang=c++ -d usa -MD -c src\World\BMDJAnimationRules.cpp -o build\usa\src\World
[233/326] ".\tools\mwccarm\2.0\sp2p2\mwccarm.exe" -O2 -enum int -char signed -str noreuse -proc arm946e -gccext,on -fp soft -inline noauto -lang=c++ -Cpp_exceptions off -RTTI off -interworking -w off -sym on -gccinc -nolink -msgstyle gcc -str pool,reuse -i include -lang=c++ -d usa -MD -c src\World\BMDJInstance.cpp -o build\usa\src\World
[234/326] ".\tools\mwccarm\2.0\sp2p2\mwccarm.exe" -O2 -enum int -char signed -str noreuse -proc arm946e -gccext,on -fp soft -inline noauto -lang=c++ -Cpp_exceptions off -RTTI off -interworking -w off -sym on -gccinc -nolink -msgstyle gcc -str pool,reuse -i include -lang=c++ -d usa -MD -c src\World\BMDJInstanceLinks.cpp -o build\usa\src\World
[235/326] ".\tools\mwccarm\2.0\sp2p2\mwccarm.exe" -O2 -enum int -char signed -str noreuse -proc arm946e -gccext,on -fp soft -inline noauto -lang=c++ -Cpp_exceptions off -RTTI off -interworking -w off -sym on -gccinc -nolink -msgstyle gcc -str pool,reuse -i include -lang=c++ -d usa -MD -c src\World\BMDJObjectEntry.cpp -o build\usa\src\World
[236/326] ".\tools\mwccarm\2.0\sp2p2\mwccarm.exe" -O2 -enum int -char signed -str noreuse -proc arm946e -gccext,on -fp soft -inline noauto -lang=c++ -Cpp_exceptions off -RTTI off -interworking -w off -sym on -gccinc -nolink -msgstyle gcc -str pool,reuse -i include -lang=c++ -d usa -MD -c src\World\BMDJState.cpp -o build\usa\src\World
[237/326] ".\tools\mwccarm\2.0\sp2p2\mwccarm.exe" -O2 -enum int -char signed -str noreuse -proc arm946e -gccext,on -fp soft -inline noauto -lang=c++ -Cpp_exceptions off -RTTI off -interworking -w off -sym on -gccinc -nolink -msgstyle gcc -str pool,reuse -i include -lang=c++ -d usa -MD -c src\World\BMDJTransforms.cpp -o build\usa\src\World
[238/326] ".\tools\mwccarm\2.0\sp2p2\mwccarm.exe" -O2 -enum int -char signed -str noreuse -proc arm946e -gccext,on -fp soft -inline noauto -lang=c++ -Cpp_exceptions off -RTTI off -interworking -w off -sym on -gccinc -nolink -msgstyle gcc -str pool,reuse -i include -lang=c++ -d usa -MD -c src\World\LootableContainer.cpp -o build\usa\src\World
[239/326] ".\tools\mwccarm\2.0\sp2p2\mwccarm.exe" -O2 -enum int -char signed -str noreuse -proc arm946e -gccext,on -fp soft -inline noauto -lang=c++ -Cpp_exceptions off -RTTI off -interworking -w off -sym on -gccinc -nolink -msgstyle gcc -str pool,reuse -i include -lang=c++ -d usa -MD -c src\World\MapListLoader.cpp -o build\usa\src\World
[240/326] ".\tools\mwccarm\2.0\sp2p2\mwccarm.exe" -O2 -enum int -char signed -str noreuse -proc arm946e -gccext,on -fp soft -inline noauto -lang=c++ -Cpp_exceptions off -RTTI off -interworking -w off -sym on -gccinc -nolink -msgstyle gcc -str pool,reuse -i include -lang=c++ -d usa -MD -c src\World\Zone3D.cpp -o build\usa\src\World
[241/326] ".\tools\mwccarm\2.0\sp2p2\mwccarm.exe" -O2 -enum int -char signed -str noreuse -proc arm946e -gccext,on -fp soft -inline noauto -lang=c++ -Cpp_exceptions off -RTTI off -interworking -w off -sym on -gccinc -nolink -msgstyle gcc -str pool,reuse -i include -lang=c++ -d usa -MD -c src\World\Zone3DActivation.cpp -o build\usa\src\World
[242/326] ".\tools\mwccarm\2.0\sp2p2\mwccarm.exe" -O2 -enum int -char signed -str noreuse -proc arm946e -gccext,on -fp soft -inline noauto -lang=c++ -Cpp_exceptions off -RTTI off -interworking -w off -sym on -gccinc -nolink -msgstyle gcc -str pool,reuse -i include -lang=c++ -d usa -MD -c src\World\Zone3DAnimatedObjects.cpp -o build\usa\src\World
[243/326] ".\tools\mwccarm\2.0\sp2p2\mwccarm.exe" -O2 -enum int -char signed -str noreuse -proc arm946e -gccext,on -fp soft -inline noauto -lang=c++ -Cpp_exceptions off -RTTI off -interworking -w off -sym on -gccinc -nolink -msgstyle gcc -str pool,reuse -i include -lang=c++ -d usa -MD -c src\World\Zone3DAtmosphereLoading.cpp -o build\usa\src\World
[244/326] ".\tools\mwccarm\2.0\sp2p2\mwccarm.exe" -O2 -enum int -char signed -str noreuse -proc arm946e -gccext,on -fp soft -inline noauto -lang=c++ -Cpp_exceptions off -RTTI off -interworking -w off -sym on -gccinc -nolink -msgstyle gcc -str pool,reuse -i include -lang=c++ -d usa -MD -c src\World\Zone3DBMDJObjects.cpp -o build\usa\src\World
[245/326] ".\tools\mwccarm\2.0\sp2p2\mwccarm.exe" -O2 -enum int -char signed -str noreuse -proc arm946e -gccext,on -fp soft -inline noauto -lang=c++ -Cpp_exceptions off -RTTI off -interworking -w off -sym on -gccinc -nolink -msgstyle gcc -str pool,reuse -i include -lang=c++ -d usa -MD -c src\World\Zone3DChestDrawing.cpp -o build\usa\src\World
[246/326] ".\tools\mwccarm\2.0\sp2p2\mwccarm.exe" -O2 -enum int -char signed -str noreuse -proc arm946e -gccext,on -fp soft -inline noauto -lang=c++ -Cpp_exceptions off -RTTI off -interworking -w off -sym on -gccinc -nolink -msgstyle gcc -str pool,reuse -i include -lang=c++ -d usa -MD -c src\World\Zone3DChestLoading.cpp -o build\usa\src\World
[247/326] ".\tools\mwccarm\2.0\sp2p2\mwccarm.exe" -O2 -enum int -char signed -str noreuse -proc arm946e -gccext,on -fp soft -inline noauto -lang=c++ -Cpp_exceptions off -RTTI off -interworking -w off -sym on -gccinc -nolink -msgstyle gcc -str pool,reuse -i include -lang=c++ -d usa -MD -c src\World\Zone3DChestState.cpp -o build\usa\src\World
[248/326] ".\tools\mwccarm\2.0\sp2p2\mwccarm.exe" -O2 -enum int -char signed -str noreuse -proc arm946e -gccext,on -fp soft -inline noauto -lang=c++ -Cpp_exceptions off -RTTI off -interworking -w off -sym on -gccinc -nolink -msgstyle gcc -str pool,reuse -i include -lang=c++ -d usa -MD -c src\World\Zone3DCollisionLoading.cpp -o build\usa\src\World
[249/326] ".\tools\mwccarm\2.0\sp2p2\mwccarm.exe" -O2 -enum int -char signed -str noreuse -proc arm946e -gccext,on -fp soft -inline noauto -lang=c++ -Cpp_exceptions off -RTTI off -interworking -w off -sym on -gccinc -nolink -msgstyle gcc -str pool,reuse -i include -lang=c++ -d usa -MD -c src\World\Zone3DContainerLookup.cpp -o build\usa\src\World
[250/326] ".\tools\mwccarm\2.0\sp2p2\mwccarm.exe" -O2 -enum int -char signed -str noreuse -proc arm946e -gccext,on -fp soft -inline noauto -lang=c++ -Cpp_exceptions off -RTTI off -interworking -w off -sym on -gccinc -nolink -msgstyle gcc -str pool,reuse -i include -lang=c++ -d usa -MD -c src\World\Zone3DContainers.cpp -o build\usa\src\World
[251/326] ".\tools\mwccarm\2.0\sp2p2\mwccarm.exe" -O2 -enum int -char signed -str noreuse -proc arm946e -gccext,on -fp soft -inline noauto -lang=c++ -Cpp_exceptions off -RTTI off -interworking -w off -sym on -gccinc -nolink -msgstyle gcc -str pool,reuse -i include -lang=c++ -d usa -MD -c src\World\Zone3DDestructor.cpp -o build\usa\src\World
[252/326] ".\tools\mwccarm\2.0\sp2p2\mwccarm.exe" -O2 -enum int -char signed -str noreuse -proc arm946e -gccext,on -fp soft -inline noauto -lang=c++ -Cpp_exceptions off -RTTI off -interworking -w off -sym on -gccinc -nolink -msgstyle gcc -str pool,reuse -i include -lang=c++ -d usa -MD -c src\World\Zone3DGrottoStateReset.cpp -o build\usa\src\World
[253/326] ".\tools\mwccarm\2.0\sp2p2\mwccarm.exe" -O2 -enum int -char signed -str noreuse -proc arm946e -gccext,on -fp soft -inline noauto -lang=c++ -Cpp_exceptions off -RTTI off -interworking -w off -sym on -gccinc -nolink -msgstyle gcc -str pool,reuse -i include -lang=c++ -d usa -MD -c src\World\Zone3DInitialization.cpp -o build\usa\src\World
[254/326] ".\tools\mwccarm\2.0\sp2p2\mwccarm.exe" -O2 -enum int -char signed -str noreuse -proc arm946e -gccext,on -fp soft -inline noauto -lang=c++ -Cpp_exceptions off -RTTI off -interworking -w off -sym on -gccinc -nolink -msgstyle gcc -str pool,reuse -i include -lang=c++ -d usa -MD -c src\World\Zone3DInstanceLoading.cpp -o build\usa\src\World
[255/326] ".\tools\mwccarm\2.0\sp2p2\mwccarm.exe" -O2 -enum int -char signed -str noreuse -proc arm946e -gccext,on -fp soft -inline noauto -lang=c++ -Cpp_exceptions off -RTTI off -interworking -w off -sym on -gccinc -nolink -msgstyle gcc -str pool,reuse -i include -lang=c++ -d usa -MD -c src\World\Zone3DInstanceOverrides.cpp -o build\usa\src\World
[256/326] ".\tools\mwccarm\2.0\sp2p2\mwccarm.exe" -O2 -enum int -char signed -str noreuse -proc arm946e -gccext,on -fp soft -inline noauto -lang=c++ -Cpp_exceptions off -RTTI off -interworking -w off -sym on -gccinc -nolink -msgstyle gcc -str pool,reuse -i include -lang=c++ -d usa -MD -c src\World\Zone3DInstanceRestore.cpp -o build\usa\src\World
[257/326] ".\tools\mwccarm\2.0\sp2p2\mwccarm.exe" -O2 -enum int -char signed -str noreuse -proc arm946e -gccext,on -fp soft -inline noauto -lang=c++ -Cpp_exceptions off -RTTI off -interworking -w off -sym on -gccinc -nolink -msgstyle gcc -str pool,reuse -i include -lang=c++ -d usa -MD -c src\World\Zone3DInstanceRules.cpp -o build\usa\src\World
[258/326] ".\tools\mwccarm\2.0\sp2p2\mwccarm.exe" -O2 -enum int -char signed -str noreuse -proc arm946e -gccext,on -fp soft -inline noauto -lang=c++ -Cpp_exceptions off -RTTI off -interworking -w off -sym on -gccinc -nolink -msgstyle gcc -str pool,reuse -i include -lang=c++ -d usa -MD -c src\World\Zone3DInstanceState.cpp -o build\usa\src\World
[259/326] ".\tools\mwccarm\2.0\sp2p2\mwccarm.exe" -O2 -enum int -char signed -str noreuse -proc arm946e -gccext,on -fp soft -inline noauto -lang=c++ -Cpp_exceptions off -RTTI off -interworking -w off -sym on -gccinc -nolink -msgstyle gcc -str pool,reuse -i include -lang=c++ -d usa -MD -c src\World\Zone3DInstanceUpdate.cpp -o build\usa\src\World
[260/326] ".\tools\mwccarm\2.0\sp2p2\mwccarm.exe" -O2 -enum int -char signed -str noreuse -proc arm946e -gccext,on -fp soft -inline noauto -lang=c++ -Cpp_exceptions off -RTTI off -interworking -w off -sym on -gccinc -nolink -msgstyle gcc -str pool,reuse -i include -lang=c++ -d usa -MD -c src\World\Zone3DLookup.cpp -o build\usa\src\World
[261/326] ".\tools\mwccarm\2.0\sp2p2\mwccarm.exe" -O2 -enum int -char signed -str noreuse -proc arm946e -gccext,on -fp soft -inline noauto -lang=c++ -Cpp_exceptions off -RTTI off -interworking -w off -sym on -gccinc -nolink -msgstyle gcc -str pool,reuse -i include -lang=c++ -d usa -MD -c src\World\Zone3DMapLoading.cpp -o build\usa\src\World
[262/326] ".\tools\mwccarm\2.0\sp2p2\mwccarm.exe" -O2 -enum int -char signed -str noreuse -proc arm946e -gccext,on -fp soft -inline noauto -lang=c++ -Cpp_exceptions off -RTTI off -interworking -w off -sym on -gccinc -nolink -msgstyle gcc -str pool,reuse -i include -lang=c++ -d usa -MD -c src\World\Zone3DModelLoading.cpp -o build\usa\src\World
[263/326] ".\tools\mwccarm\2.0\sp2p2\mwccarm.exe" -O2 -enum int -char signed -str noreuse -proc arm946e -gccext,on -fp soft -inline noauto -lang=c++ -Cpp_exceptions off -RTTI off -interworking -w off -sym on -gccinc -nolink -msgstyle gcc -str pool,reuse -i include -lang=c++ -d usa -MD -c src\World\Zone3DPaths.cpp -o build\usa\src\World
[264/326] ".\tools\mwccarm\2.0\sp2p2\mwccarm.exe" -O2 -enum int -char signed -str noreuse -proc arm946e -gccext,on -fp soft -inline noauto -lang=c++ -Cpp_exceptions off -RTTI off -interworking -w off -sym on -gccinc -nolink -msgstyle gcc -str pool,reuse -i include -lang=c++ -d usa -MD -c src\World\Zone3DRecords.cpp -o build\usa\src\World
[265/326] ".\tools\mwccarm\2.0\sp2p2\mwccarm.exe" -O2 -enum int -char signed -str noreuse -proc arm946e -gccext,on -fp soft -inline noauto -lang=c++ -Cpp_exceptions off -RTTI off -interworking -w off -sym on -gccinc -nolink -msgstyle gcc -str pool,reuse -i include -lang=c++ -d usa -MD -c src\World\Zone3DRenderProperties.cpp -o build\usa\src\World
[266/326] ".\tools\mwccarm\2.0\sp2p2\mwccarm.exe" -O2 -enum int -char signed -str noreuse -proc arm946e -gccext,on -fp soft -inline noauto -lang=c++ -Cpp_exceptions off -RTTI off -interworking -w off -sym on -gccinc -nolink -msgstyle gcc -str pool,reuse -i include -lang=c++ -d usa -MD -c src\World\Zone3DResourceReset.cpp -o build\usa\src\World
[267/326] ".\tools\mwccarm\2.0\sp2p2\mwccarm.exe" -O2 -enum int -char signed -str noreuse -proc arm946e -gccext,on -fp soft -inline noauto -lang=c++ -Cpp_exceptions off -RTTI off -interworking -w off -sym on -gccinc -nolink -msgstyle gcc -str pool,reuse -i include -lang=c++ -d usa -MD -c src\World\Zone3DStateAccess.cpp -o build\usa\src\World
[268/326] ".\tools\mwccarm\2.0\sp2p2\mwccarm.exe" -O2 -enum int -char signed -str noreuse -proc arm946e -gccext,on -fp soft -inline noauto -lang=c++ -Cpp_exceptions off -RTTI off -interworking -w off -sym on -gccinc -nolink -msgstyle gcc -str pool,reuse -i include -lang=c++ -d usa -MD -c src\World\Zone3DTransitionRequests.cpp -o build\usa\src\World
[269/326] ".\tools\mwccarm\2.0\sp2p2\mwccarm.exe" -O2 -enum int -char signed -str noreuse -proc arm946e -gccext,on -fp soft -inline noauto -lang=c++ -Cpp_exceptions off -RTTI off -interworking -w off -sym on -gccinc -nolink -msgstyle gcc -str pool,reuse -i include -lang=c++ -d usa -MD -c src\World\Object3D.cpp -o build\usa\src\World
[270/326] ".\tools\mwccarm\2.0\sp2p2\mwccarm.exe" -O2 -enum int -char signed -str noreuse -proc arm946e -gccext,on -fp soft -inline noauto -lang=c++ -Cpp_exceptions off -RTTI off -interworking -w off -sym on -gccinc -nolink -msgstyle gcc -str pool,reuse -i include -lang=c++ -d usa -MD -c src\World\Zone3DTransitions.cpp -o build\usa\src\World
[271/326] ".\tools\mwccarm\2.0\sp2p2\mwccarm.exe" -O2 -enum int -char signed -str noreuse -proc arm946e -gccext,on -fp soft -inline noauto -lang=c++ -Cpp_exceptions off -RTTI off -interworking -w off -sym on -gccinc -nolink -msgstyle gcc -str pool,reuse -i include -lang=c++ -d usa -MD -c src\World\Zone3DType2Activation.cpp -o build\usa\src\World
[272/326] ".\tools\mwccarm\2.0\sp2p2\mwccarm.exe" -O2 -enum int -char signed -str noreuse -proc arm946e -gccext,on -fp soft -inline noauto -lang=c++ -Cpp_exceptions off -RTTI off -interworking -w off -sym on -gccinc -nolink -msgstyle gcc -str pool,reuse -i include -lang=c++ -d usa -MD -c src\World\Zone3DType2Features.cpp -o build\usa\src\World
[273/326] ".\tools\mwccarm\2.0\sp2p2\mwccarm.exe" -O2 -enum int -char signed -str noreuse -proc arm946e -gccext,on -fp soft -inline noauto -lang=c++ -Cpp_exceptions off -RTTI off -interworking -w off -sym on -gccinc -nolink -msgstyle gcc -str pool,reuse -i include -lang=c++ -d usa -MD -c src\World\Zone3DType2Mask.cpp -o build\usa\src\World
[274/326] ".\tools\mwccarm\2.0\sp2p2\mwccarm.exe" -O2 -enum int -char signed -str noreuse -proc arm946e -gccext,on -fp soft -inline noauto -lang=c++ -Cpp_exceptions off -RTTI off -interworking -w off -sym on -gccinc -nolink -msgstyle gcc -str pool,reuse -i include -lang=c++ -d usa -MD -c src\World\Zone3DType2Motion.cpp -o build\usa\src\World
[275/326] ".\tools\mwccarm\2.0\sp2p2\mwccarm.exe" -O2 -enum int -char signed -str noreuse -proc arm946e -gccext,on -fp soft -inline noauto -lang=c++ -Cpp_exceptions off -RTTI off -interworking -w off -sym on -gccinc -nolink -msgstyle gcc -str pool,reuse -i include -lang=c++ -d usa -MD -c src\World\Zone3DUpdate.cpp -o build\usa\src\World
[276/326] ".\tools\mwccarm\2.0\sp2p2\mwccarm.exe" -O2 -enum int -char signed -str noreuse -proc arm946e -gccext,on -fp soft -inline noauto -lang=c++ -Cpp_exceptions off -RTTI off -interworking -w off -sym on -gccinc -nolink -msgstyle gcc -str pool,reuse -i include -lang=c++ -d usa -MD -c src\World\ZoneEntryConfiguration.cpp -o build\usa\src\World
[277/326] ".\tools\mwccarm\2.0\sp2p2\mwccarm.exe" -O2 -enum int -char signed -str noreuse -proc arm946e -gccext,on -fp soft -inline noauto -lang=c++ -Cpp_exceptions off -RTTI off -interworking -w off -sym on -gccinc -nolink -msgstyle gcc -str pool,reuse -i include -lang=c++ -d usa -MD -c src\World\ZoneEntryConfigurationData.cpp -o build\usa\src\World
[278/326] ".\tools\mwccarm\2.0\sp2p2\mwccarm.exe" -O2 -enum int -char signed -str noreuse -proc arm946e -gccext,on -fp soft -inline noauto -lang=c++ -Cpp_exceptions off -RTTI off -interworking -w off -sym on -gccinc -nolink -msgstyle gcc -str pool,reuse -i include -lang=c++ -d usa -MD -c src\World\ZonePredicates.cpp -o build\usa\src\World
[279/326] ".\tools\mwccarm\2.0\sp2p2\mwccarm.exe" -O2 -enum int -char signed -str noreuse -proc arm946e -gccext,on -fp soft -inline noauto -lang=c++ -Cpp_exceptions off -RTTI off -interworking -w off -sym on -gccinc -nolink -msgstyle gcc -str pool,reuse -i include -lang=c++ -d usa -MD -c src\World\ZoneRecordAttributePredicates.cpp -o build\usa\src\World
[280/326] ".\tools\mwccarm\2.0\sp2p2\mwccarm.exe" -O2 -enum int -char signed -str noreuse -proc arm946e -gccext,on -fp soft -inline noauto -lang=c++ -Cpp_exceptions off -RTTI off -interworking -w off -sym on -gccinc -nolink -msgstyle gcc -str pool,reuse -i include -lang=c++ -d usa -MD -c src\World\ZoneRecordAttributeSelector.cpp -o build\usa\src\World
[281/326] ".\tools\mwccarm\2.0\sp2p2\mwccarm.exe" -O2 -enum int -char signed -str noreuse -proc arm946e -gccext,on -fp soft -inline noauto -lang=c++ -Cpp_exceptions off -RTTI off -interworking -w off -sym on -gccinc -nolink -msgstyle gcc -str pool,reuse -i include -lang=c++ -d usa -MD -c src\World\ZoneRecordCategoryPredicates.cpp -o build\usa\src\World
[282/326] ".\tools\mwccarm\2.0\sp2p2\mwccarm.exe" -O2 -enum int -char signed -str noreuse -proc arm946e -gccext,on -fp soft -inline noauto -lang=c++ -Cpp_exceptions off -RTTI off -interworking -w off -sym on -gccinc -nolink -msgstyle gcc -str pool,reuse -i include -lang=c++ -d usa -MD -c src\World\ZoneRecordCategorySelector.cpp -o build\usa\src\World
[283/326] ".\tools\mwccarm\2.0\sp2p2\mwccarm.exe" -O2 -enum int -char signed -str noreuse -proc arm946e -gccext,on -fp soft -inline noauto -lang=c++ -Cpp_exceptions off -RTTI off -interworking -w off -sym on -gccinc -nolink -msgstyle gcc -str pool,reuse -i include -lang=c++ -d usa -MD -c src\World\ZoneRecordIndices.cpp -o build\usa\src\World
[284/326] ".\tools\mwccarm\2.0\sp2p2\mwccarm.exe" -O2 -enum int -char signed -str noreuse -proc arm946e -gccext,on -fp soft -inline noauto -lang=c++ -Cpp_exceptions off -RTTI off -interworking -w off -sym on -gccinc -nolink -msgstyle gcc -str pool,reuse -i include -lang=c++ -d usa -MD -c src\World\ZoneRenderPartEntries.cpp -o build\usa\src\World
[285/326] ".\tools\mwccarm\2.0\sp2p2\mwccarm.exe" -O2 -enum int -char signed -str noreuse -proc arm946e -gccext,on -fp soft -inline noauto -lang=c++ -Cpp_exceptions off -RTTI off -interworking -w off -sym on -gccinc -nolink -msgstyle gcc -str pool,reuse -i include -lang=c++ -d usa -MD -c src\World\ZoneRenderPartLifetime.cpp -o build\usa\src\World
[286/326] ".\tools\mwccarm\2.0\sp2p2\mwccarm.exe" -O2 -enum int -char signed -str noreuse -proc arm946e -gccext,on -fp soft -inline noauto -lang=c++ -Cpp_exceptions off -RTTI off -interworking -w off -sym on -gccinc -nolink -msgstyle gcc -str pool,reuse -i include -lang=c++ -d usa -MD -c src\World\ZoneRenderPartReset.cpp -o build\usa\src\World
[287/326] ".\tools\mwccarm\2.0\sp2p2\mwccarm.exe" -O2 -enum int -char signed -str noreuse -proc arm946e -gccext,on -fp soft -inline noauto -lang=c++ -Cpp_exceptions off -RTTI off -interworking -w off -sym on -gccinc -nolink -msgstyle gcc -str pool,reuse -i include -lang=c++ -d usa -MD -c src\World\ZoneResourceDefaults.cpp -o build\usa\src\World
[288/326] ".\tools\mwccarm\2.0\sp2p2\mwccarm.exe" -O2 -enum int -char signed -str noreuse -proc arm946e -gccext,on -fp soft -inline noauto -lang=c++ -Cpp_exceptions off -RTTI off -interworking -w off -sym on -gccinc -nolink -msgstyle gcc -str pool,reuse -i include -lang=c++ -d usa -MD -c src\World\ZoneRuntimeDefaults.cpp -o build\usa\src\World
[289/326] ".\tools\mwccarm\2.0\sp2p2\mwccarm.exe" -O2 -enum int -char signed -str noreuse -proc arm946e -gccext,on -fp soft -inline noauto -lang=c++ -Cpp_exceptions off -RTTI off -interworking -w off -sym on -gccinc -nolink -msgstyle gcc -str pool,reuse -i include -lang=c++ -d usa -MD -c src\World\ZoneSerializedRecordKey.cpp -o build\usa\src\World
[290/326] ".\tools\mwccarm\2.0\sp2p2\mwccarm.exe" -O2 -enum int -char signed -str noreuse -proc arm946e -gccext,on -fp soft -inline noauto -lang=c++ -Cpp_exceptions off -RTTI off -interworking -w off -sym on -gccinc -nolink -msgstyle gcc -str pool,reuse -i include -lang=c++ -d usa -MD -c src\World\ZoneState0840.cpp -o build\usa\src\World
[291/326] ".\tools\mwccarm\2.0\sp2p2\mwccarm.exe" -O2 -enum int -char signed -str noreuse -proc arm946e -gccext,on -fp soft -inline noauto -lang=c++ -Cpp_exceptions off -RTTI off -interworking -w off -sym on -gccinc -nolink -msgstyle gcc -str pool,reuse -i include -lang=c++ -d usa -MD -c src\World\ZoneState0840AddEntry.cpp -o build\usa\src\World
[292/326] ".\tools\mwccarm\2.0\sp2p2\mwccarm.exe" -O2 -enum int -char signed -str noreuse -proc arm946e -gccext,on -fp soft -inline noauto -lang=c++ -Cpp_exceptions off -RTTI off -interworking -w off -sym on -gccinc -nolink -msgstyle gcc -str pool,reuse -i include -lang=c++ -d usa -MD -c src\World\ZoneState0840Entries.cpp -o build\usa\src\World
[293/326] ".\tools\mwccarm\2.0\sp2p2\mwccarm.exe" -O2 -enum int -char signed -str noreuse -proc arm946e -gccext,on -fp soft -inline noauto -lang=c++ -Cpp_exceptions off -RTTI off -interworking -w off -sym on -gccinc -nolink -msgstyle gcc -str pool,reuse -i include -lang=c++ -d usa -MD -c src\World\ZoneState0840EntryManagement.cpp -o build\usa\src\World
[294/326] ".\tools\mwccarm\2.0\sp2p2\mwccarm.exe" -O2 -enum int -char signed -str noreuse -proc arm946e -gccext,on -fp soft -inline noauto -lang=c++ -Cpp_exceptions off -RTTI off -interworking -w off -sym on -gccinc -nolink -msgstyle gcc -str pool,reuse -i include -lang=c++ -d usa -MD -c src\World\ZoneState0840EntryReset.cpp -o build\usa\src\World
[295/326] ".\tools\mwccarm\2.0\sp2p2\mwccarm.exe" -O2 -enum int -char signed -str noreuse -proc arm946e -gccext,on -fp soft -inline noauto -lang=c++ -Cpp_exceptions off -RTTI off -interworking -w off -sym on -gccinc -nolink -msgstyle gcc -str pool,reuse -i include -lang=c++ -d usa -MD -c src\World\ZoneState0840Lookup.cpp -o build\usa\src\World
[296/326] ".\tools\mwccarm\2.0\sp2p2\mwccarm.exe" -O2 -enum int -char signed -str noreuse -proc arm946e -gccext,on -fp soft -inline noauto -lang=c++ -Cpp_exceptions off -RTTI off -interworking -w off -sym on -gccinc -nolink -msgstyle gcc -str pool,reuse -i include -lang=c++ -d usa -MD -c src\World\ZoneState0840Queries.cpp -o build\usa\src\World
[297/326] ".\tools\mwccarm\2.0\sp2p2\mwccarm.exe" -O2 -enum int -char signed -str noreuse -proc arm946e -gccext,on -fp soft -inline noauto -lang=c++ -Cpp_exceptions off -RTTI off -interworking -w off -sym on -gccinc -nolink -msgstyle gcc -str pool,reuse -i include -lang=c++ -d usa -MD -c src\World\ZoneState0840Reset.cpp -o build\usa\src\World
[298/326] ".\tools\mwccarm\2.0\sp2p2\mwccarm.exe" -O2 -enum int -char signed -str noreuse -proc arm946e -gccext,on -fp soft -inline noauto -lang=c++ -Cpp_exceptions off -RTTI off -interworking -w off -sym on -gccinc -nolink -msgstyle gcc -str pool,reuse -i include -lang=c++ -d usa -MD -c src\World\ZoneState0840StateValidation.cpp -o build\usa\src\World
[299/326] ".\tools\mwccarm\2.0\sp2p2\mwccarm.exe" -O2 -enum int -char signed -str noreuse -proc arm946e -gccext,on -fp soft -inline noauto -lang=c++ -Cpp_exceptions off -RTTI off -interworking -w off -sym on -gccinc -nolink -msgstyle gcc -str pool,reuse -i include -lang=c++ -d usa -MD -c src\World\ZoneState0840Tier.cpp -o build\usa\src\World
[300/326] ".\tools\mwccarm\2.0\sp2p2\mwccarm.exe" -O2 -enum int -char signed -str noreuse -proc arm946e -gccext,on -fp soft -inline noauto -lang=c++ -Cpp_exceptions off -RTTI off -interworking -w off -sym on -gccinc -nolink -msgstyle gcc -str pool,reuse -i include -lang=c++ -d usa -MD -c src\World\ZoneState0840ValueData.cpp -o build\usa\src\World
[301/326] ".\tools\mwccarm\2.0\sp2p2\mwccarm.exe" -O2 -enum int -char signed -str noreuse -proc arm946e -gccext,on -fp soft -inline noauto -lang=c++ -Cpp_exceptions off -RTTI off -interworking -w off -sym on -gccinc -nolink -msgstyle gcc -str pool,reuse -i include -lang=c++ -d usa -MD -c src\World\ZoneState0840ValuePredicates.cpp -o build\usa\src\World
[302/326] ".\tools\mwccarm\2.0\sp2p2\mwccarm.exe" -O2 -enum int -char signed -str noreuse -proc arm946e -gccext,on -fp soft -inline noauto -lang=c++ -Cpp_exceptions off -RTTI off -interworking -w off -sym on -gccinc -nolink -msgstyle gcc -str pool,reuse -i include -lang=c++ -d usa -MD -c src\World\ZoneState0840ValueTables.cpp -o build\usa\src\World
[303/326] ".\tools\mwccarm\2.0\sp2p2\mwccarm.exe" -O2 -enum int -char signed -str noreuse -proc arm946e -gccext,on -fp soft -inline noauto -lang=c++ -Cpp_exceptions off -RTTI off -interworking -w off -sym on -gccinc -nolink -msgstyle gcc -str pool,reuse -i include -lang=c++ -d usa -MD -c src\World\ZoneState2664.cpp -o build\usa\src\World
[304/326] ".\tools\mwccarm\2.0\sp2p2\mwccarm.exe" -O2 -enum int -char signed -str noreuse -proc arm946e -gccext,on -fp soft -inline noauto -lang=c++ -Cpp_exceptions off -RTTI off -interworking -w off -sym on -gccinc -nolink -msgstyle gcc -str pool,reuse -i include -lang=c++ -d usa -MD -c src\World\ZoneState2724.cpp -o build\usa\src\World
[305/326] ".\tools\mwccarm\2.0\sp2p2\mwccarm.exe" -O2 -enum int -char signed -str noreuse -proc arm946e -gccext,on -fp soft -inline noauto -lang=c++ -Cpp_exceptions off -RTTI off -interworking -w off -sym on -gccinc -nolink -msgstyle gcc -str pool,reuse -i include -lang=c++ -d usa -MD -c src\World\ZoneFeatures.cpp -o build\usa\src\World
[306/326] ".\tools\mwccarm\2.0\sp2p2\mwccarm.exe" -O2 -enum int -char signed -str noreuse -proc arm946e -gccext,on -fp soft -inline noauto -lang=c++ -Cpp_exceptions off -RTTI off -interworking -w off -sym on -gccinc -nolink -msgstyle gcc -str pool,reuse -i include -lang=c++ -d usa -MD -c src\World\ZoneState2754.cpp -o build\usa\src\World
[307/326] ".\tools\mwccarm\2.0\sp2p2\mwccarm.exe" -O2 -enum int -char signed -str noreuse -proc arm946e -gccext,on -fp soft -inline noauto -lang=c++ -Cpp_exceptions off -RTTI off -interworking -w off -sym on -gccinc -nolink -msgstyle gcc -str pool,reuse -i include -lang=c++ -d usa -MD -c src\World\ZoneState2754Attach.cpp -o build\usa\src\World
[308/326] ".\tools\mwccarm\2.0\sp2p2\mwccarm.exe" -O2 -enum int -char signed -str noreuse -proc arm946e -gccext,on -fp soft -inline noauto -lang=c++ -Cpp_exceptions off -RTTI off -interworking -w off -sym on -gccinc -nolink -msgstyle gcc -str pool,reuse -i include -lang=c++ -d usa -MD -c src\World\ZoneState2754AttributeLookup.cpp -o build\usa\src\World
[309/326] ".\tools\mwccarm\2.0\sp2p2\mwccarm.exe" -O2 -enum int -char signed -str noreuse -proc arm946e -gccext,on -fp soft -inline noauto -lang=c++ -Cpp_exceptions off -RTTI off -interworking -w off -sym on -gccinc -nolink -msgstyle gcc -str pool,reuse -i include -lang=c++ -d usa -MD -c src\World\ZoneState2754Build.cpp -o build\usa\src\World
[310/326] ".\tools\mwccarm\2.0\sp2p2\mwccarm.exe" -O2 -enum int -char signed -str noreuse -proc arm946e -gccext,on -fp soft -inline noauto -lang=c++ -Cpp_exceptions off -RTTI off -interworking -w off -sym on -gccinc -nolink -msgstyle gcc -str pool,reuse -i include -lang=c++ -d usa -MD -c src\World\ZoneState2754Clear.cpp -o build\usa\src\World
[311/326] ".\tools\mwccarm\2.0\sp2p2\mwccarm.exe" -O2 -enum int -char signed -str noreuse -proc arm946e -gccext,on -fp soft -inline noauto -lang=c++ -Cpp_exceptions off -RTTI off -interworking -w off -sym on -gccinc -nolink -msgstyle gcc -str pool,reuse -i include -lang=c++ -d usa -MD -c src\World\ZoneState2754Filter.cpp -o build\usa\src\World
[312/326] ".\tools\mwccarm\2.0\sp2p2\mwccarm.exe" -O2 -enum int -char signed -str noreuse -proc arm946e -gccext,on -fp soft -inline noauto -lang=c++ -Cpp_exceptions off -RTTI off -interworking -w off -sym on -gccinc -nolink -msgstyle gcc -str pool,reuse -i include -lang=c++ -d usa -MD -c src\World\ZoneState2754Records.cpp -o build\usa\src\World
[313/326] ".\tools\mwccarm\2.0\sp2p2\mwccarm.exe" -O2 -enum int -char signed -str noreuse -proc arm946e -gccext,on -fp soft -inline noauto -lang=c++ -Cpp_exceptions off -RTTI off -interworking -w off -sym on -gccinc -nolink -msgstyle gcc -str pool,reuse -i include -lang=c++ -d usa -MD -c src\World\ZoneState2754Search.cpp -o build\usa\src\World
[314/326] ".\tools\mwccarm\2.0\sp2p2\mwccarm.exe" -O2 -enum int -char signed -str noreuse -proc arm946e -gccext,on -fp soft -inline noauto -lang=c++ -Cpp_exceptions off -RTTI off -interworking -w off -sym on -gccinc -nolink -msgstyle gcc -str pool,reuse -i include -lang=c++ -d usa -MD -c src\World\ZoneState2754Relocate.cpp -o build\usa\src\World
[315/326] ".\tools\mwccarm\2.0\sp2p2\mwccarm.exe" -O2 -enum int -char signed -str noreuse -proc arm946e -gccext,on -fp soft -inline noauto -lang=c++ -Cpp_exceptions off -RTTI off -interworking -w off -sym on -gccinc -nolink -msgstyle gcc -str pool,reuse -i include -lang=c++ -d usa -MD -c src\World\ZoneVectorSet.cpp -o build\usa\src\World
[316/326] ".\tools\mwccarm\2.0\sp2p2\mwccarm.exe" -O2 -enum int -char signed -str noreuse -proc arm946e -gccext,on -fp soft -inline noauto -lang=c++ -Cpp_exceptions off -RTTI off -interworking -w off -sym on -gccinc -nolink -msgstyle gcc -str pool,reuse -i include -lang=c++ -d usa -MD -c src\World\ZoneTileDefaults.cpp -o build\usa\src\World
[317/326] .\objdiff-cli.exe report generate -o build\usa\report.json
 INFO Loading project .
 INFO Generating report for 470 units (using 24 threads)
 INFO Report generated in 1.187s
 INFO Writing to build\usa\report.json
[318/326] C:\Users\swayn\Projects\DQIX-Decomp\.venv\Scripts\python.exe tools/check_progress.py
{
  "total_code": 0,
  "total_data": 0,
  "total_functions": 0,
  "matched_code": 64104,
  "matched_data": 21640,
  "matched_functions": 439
}
[319/326] C:\Users\swayn\Projects\DQIX-Decomp\.venv\Scripts\python.exe tools/prepare_link_objects.py --objects "build\usa\objects.txt" --fallback-dir "build\usa\delinks" --output-dir "build\usa\link_objects" --output-list "build\usa\link_objects.txt" --report "build\usa\link_objects_report.json" --symbol-config "config\usa\arm9\symbols.txt" --link-command  ".\tools\mwccarm\2.0\sp2p2\mwldarm.exe" -proc arm946e -nostdlib -interworking -m Entry -map closure,unused -msgstyle gcc -dead -force_active func_ov030_021d8a40 @"build\usa\link_objects.txt" build\usa\arm9.lcf -o build\usa\arm9.o
Prepared 168 fallback copies; corrected 2 allowlisted symbol sizes
[320/326] .\dsd.exe check modules --config-path config\usa\arm9\config.yaml --fail
[INFO ] Check ARM9 main: OK
[INFO ] Check ITCM: OK
[INFO ] Check DTCM: OK
[INFO ] Check overlay 0: OK
[INFO ] Check overlay 1: OK
[INFO ] Check overlay 2: OK
[INFO ] Check overlay 3: OK
[INFO ] Check overlay 4: OK
[INFO ] Check overlay 5: OK
[INFO ] Check overlay 6: OK
[INFO ] Check overlay 7: OK
[INFO ] Check overlay 8: OK
[INFO ] Check overlay 9: OK
[INFO ] Check overlay 10: OK
[INFO ] Check overlay 11: OK
[INFO ] Check overlay 12: OK
[INFO ] Check overlay 13: OK
[INFO ] Check overlay 14: OK
[INFO ] Check overlay 15: OK
[INFO ] Check overlay 16: OK
[INFO ] Check overlay 17: OK
[INFO ] Check overlay 18: OK
[INFO ] Check overlay 19: OK
[INFO ] Check overlay 20: OK
[INFO ] Check overlay 21: OK
[INFO ] Check overlay 22: OK
[INFO ] Check overlay 23: OK
[INFO ] Check overlay 24: OK
[INFO ] Check overlay 25: OK
[INFO ] Check overlay 26: OK
[INFO ] Check overlay 27: OK
[INFO ] Check overlay 28: OK
[INFO ] Check overlay 29: OK
[INFO ] Check overlay 30: OK
[INFO ] Check overlay 31: OK
[INFO ] Check overlay 32: OK
[INFO ] Check overlay 33: OK
[INFO ] Check overlay 34: OK
[321/326] .\dsd.exe check symbols --config-path config\usa\arm9\config.yaml --elf-path build\usa\arm9.o --fail
[322/326] .\dsd.exe rom config --elf build\usa\arm9.o --config config\usa\arm9\config.yaml
[INFO ] Loading ROM from config\usa\arm9\../../../extract/usa/config.yaml
[323/326] C:\Users\swayn\Projects\DQIX-Decomp\.venv\Scripts\python.exe tools/arm7_build.py --compiler "tools\mwccarm\2.0\sp2p2" --output "build\usa\arm7" --rom-config build\usa\build\rom_config.yaml --output-rom-config "build\usa\build\rom_config_arm7.yaml" --depfile "build\usa\arm7\arm7.d" --dep-target "build\usa\build\rom_config_arm7.yaml"
### mwccarm.exe Compiler:
#    File: ..\..\..\..\config\usa\arm7\src\CpuStatus.c
# ----------------------------------------------------
#       7:     int oldState;  
# Warning:         ^^^^^^^^
#   variable 'oldState' is not initialized before being used
### mwccarm.exe Compiler:
#      16:     int oldState;  
# Warning:         ^^^^^^^^
#   variable 'oldState' is not initialized before being used
### mwccarm.exe Compiler:
#      25:     int oldState;  
# Warning:         ^^^^^^^^
#   variable 'oldState' is not initialized before being used
### mwccarm.exe Compiler:
#      35:     int oldState;  
# Warning:         ^^^^^^^^
#   variable 'oldState' is not initialized before being used
### mwccarm.exe Compiler:
#      44:     int oldState;  
# Warning:         ^^^^^^^^
#   variable 'oldState' is not initialized before being used
### mwccarm.exe Compiler:
#      54:     int state;  
# Warning:         ^^^^^
#   variable 'state' is not initialized before being used
ARM7 source build PASS: 21320 source-owned bytes, 146556 binary fallback bytes
[324/326] .\dsd.exe rom build --config build\usa\build\rom_config_arm7.yaml --rom build\usa\unfinalized.nds 
[INFO ] Loading ROM from build\usa\build\rom_config_arm7.yaml
[INFO ] Compressing arm9 overlay 0/34
[INFO ] Compressing arm9 overlay 1/34
[INFO ] Compressing arm9 overlay 2/34
[INFO ] Compressing arm9 overlay 3/34
[INFO ] Compressing arm9 overlay 4/34
[INFO ] Compressing arm9 overlay 5/34
[INFO ] Compressing arm9 overlay 6/34
[INFO ] Compressing arm9 overlay 7/34
[INFO ] Compressing arm9 overlay 8/34
[INFO ] Compressing arm9 overlay 9/34
[INFO ] Compressing arm9 overlay 10/34
[INFO ] Compressing arm9 overlay 11/34
[INFO ] Compressing arm9 overlay 12/34
[INFO ] Compressing arm9 overlay 13/34
[INFO ] Compressing arm9 overlay 14/34
[INFO ] Compressing arm9 overlay 15/34
[INFO ] Compressing arm9 overlay 16/34
[INFO ] Compressing arm9 overlay 17/34
[INFO ] Compressing arm9 overlay 18/34
[INFO ] Compressing arm9 overlay 19/34
[INFO ] Compressing arm9 overlay 20/34
[INFO ] Compressing arm9 overlay 21/34
[INFO ] Compressing arm9 overlay 22/34
[INFO ] Compressing arm9 overlay 23/34
[INFO ] Compressing arm9 overlay 24/34
[INFO ] Compressing arm9 overlay 25/34
[INFO ] Compressing arm9 overlay 26/34
[INFO ] Compressing arm9 overlay 27/34
[INFO ] Compressing arm9 overlay 28/34
[INFO ] Compressing arm9 overlay 29/34
[INFO ] Compressing arm9 overlay 30/34
[INFO ] Compressing arm9 overlay 31/34
[INFO ] Compressing arm9 overlay 32/34
[INFO ] Compressing arm9 overlay 33/34
[INFO ] Compressing arm9 overlay 34/34
[INFO ] Compressing ARM9 program
[INFO ] Loading ROM assets
[325/326] C:\Users\swayn\Projects\DQIX-Decomp\.venv\Scripts\python.exe tools/finalize_rom_header.py build\usa\unfinalized.nds dqix_usa.nds --baserom extract\baserom_dqix_usa.nds
USA ROM PASS: c7c3014c237900c8281289b8bc76a781969b6278; original secure-area CRC metadata preserved after exact secure-area comparison; header CRC recomputed
[326/326] C:\Users\swayn\Projects\DQIX-Decomp\.venv\Scripts\python.exe tools/check_arm7.py
ARM7 baseline PASS: 167,876 bytes preserved; source coverage measured separately; report: build\usa\arm7-report.json

$ C:\Users\swayn\Projects\DQIX-Decomp\.venv\Scripts\ninja.exe sha1
[1/1] C:\Users\swayn\Projects\DQIX-Decomp\.venv\Scripts\python.exe tools/sha1.py dqix_usa.nds -c dqix_usa.sha1
dqix_usa.nds: OK
